gfx,cu_num,M,N,K,bias,dtype,outdtype,scaleAB,bpreshuffle,libtype,solidx,splitK,us,kernelName,err_ratio,tflops,bw
gfx942,80,8,32,6144,False,torch.bfloat16,torch.bfloat16,False,False,opus,10300,0,8.4056,opus_gemm_gfx942_wkc_512x16x16x64_1x1_16x16x16_0x0x0,0.0,0.37,58.54
gfx942,80,16,32,6144,False,torch.bfloat16,torch.bfloat16,False,False,opus,10300,0,8.8163,opus_gemm_gfx942_wkc_512x16x16x64_1x1_16x16x16_0x0x0,0.0,0.71,67.02
gfx942,80,48,32,6144,False,torch.bfloat16,torch.bfloat16,False,False,opus,10300,0,9.7083,opus_gemm_gfx942_wkc_512x16x16x64_1x1_16x16x16_0x0x0,0.0,1.94,101.57
gfx942,80,64,32,6144,False,torch.bfloat16,torch.bfloat16,False,False,opus,10300,0,9.5767,opus_gemm_gfx942_wkc_512x16x16x64_1x1_16x16x16_0x0x0,0.0,2.63,123.61
gfx942,80,128,32,6144,False,torch.bfloat16,torch.bfloat16,False,False,opus,10300,0,10.2587,opus_gemm_gfx942_wkc_512x16x16x64_1x1_16x16x16_0x0x0,0.0,4.91,192.45
gfx942,80,16384,32,6144,False,torch.bfloat16,torch.bfloat16,False,False,opus,10302,0,156.3505,opus_gemm_gfx942_wkc_512x32x16x64_1x1_16x16x16_0x0x0,0.0,41.21,1296.88
gfx942,80,1,160,6144,False,torch.bfloat16,torch.bfloat16,False,False,skinny,2,0,6.0738,sol2,0.0,0.32,325.77
gfx942,80,2,160,6144,False,torch.bfloat16,torch.bfloat16,False,False,opus,10300,0,7.0128,opus_gemm_gfx942_wkc_512x16x16x64_1x1_16x16x16_0x0x0,0.0,0.56,283.95
gfx942,80,4,160,6144,False,torch.bfloat16,torch.bfloat16,False,False,opus,10300,0,7.03,opus_gemm_gfx942_wkc_512x16x16x64_1x1_16x16x16_0x0x0,0.0,1.12,286.84
gfx942,80,8,160,6144,False,torch.bfloat16,torch.bfloat16,False,False,opus,10300,0,7.0799,opus_gemm_gfx942_wkc_512x16x16x64_1x1_16x16x16_0x0x0,0.0,2.22,291.95
gfx942,80,16,160,6144,False,torch.bfloat16,torch.bfloat16,False,False,torch,0,0,9.0034,native,0.0,3.49,240.78
gfx942,80,24,160,6144,False,torch.bfloat16,torch.bfloat16,False,False,opus,10300,0,9.2424,opus_gemm_gfx942_wkc_512x16x16x64_1x1_16x16x16_0x0x0,0.0,5.11,245.46
gfx942,80,32,160,6144,False,torch.bfloat16,torch.bfloat16,False,False,opus,10300,0,9.7899,opus_gemm_gfx942_wkc_512x16x16x64_1x1_16x16x16_0x0x0,0.0,6.43,242.04
gfx942,80,48,160,6144,False,torch.bfloat16,torch.bfloat16,False,False,opus,10300,0,10.0646,opus_gemm_gfx942_wkc_512x16x16x64_1x1_16x16x16_0x0x0,0.0,9.38,255.48
gfx942,80,64,160,6144,False,torch.bfloat16,torch.bfloat16,False,False,opus,10300,0,9.1916,opus_gemm_gfx942_wkc_512x16x16x64_1x1_16x16x16_0x0x0,0.0,13.69,301.69
gfx942,80,96,160,6144,False,torch.bfloat16,torch.bfloat16,False,False,opus,10300,0,9.2498,opus_gemm_gfx942_wkc_512x16x16x64_1x1_16x16x16_0x0x0,0.0,20.41,343.41
gfx942,80,128,160,6144,False,torch.bfloat16,torch.bfloat16,False,False,opus,10305,0,11.3174,opus_gemm_gfx942_wkc_512x16x32x64_1x1_16x16x16_0x0x0,0.0,22.24,316.32
gfx942,80,192,160,6144,False,torch.bfloat16,torch.bfloat16,False,False,opus,10302,0,11.223,opus_gemm_gfx942_wkc_512x32x16x64_1x1_16x16x16_0x0x0,0.0,33.64,390.88
gfx942,80,256,160,6144,False,torch.bfloat16,torch.bfloat16,False,False,opus,10302,0,11.6386,opus_gemm_gfx942_wkc_512x32x16x64_1x1_16x16x16_0x0x0,0.0,43.25,446.25
gfx942,80,384,160,6144,False,torch.bfloat16,torch.bfloat16,False,False,opus,10302,0,21.0876,opus_gemm_gfx942_wkc_512x32x16x64_1x1_16x16x16_0x0x0,0.0,35.8,322.82
gfx942,80,512,160,6144,False,torch.bfloat16,torch.bfloat16,False,False,torch,0,0,22.271,native,0.0,45.2,378.13
gfx942,80,768,160,6144,False,torch.bfloat16,torch.bfloat16,False,False,opus,10204,6,25.9411,opus_gemm_gfx942_splitk_em3en4_lds1_pgr2_256x128x96x128_2x2_16x16x16_0x0x0,0.0,58.21,449.06
gfx942,80,1024,160,6144,False,torch.bfloat16,torch.bfloat16,False,False,opus,10204,5,29.3571,opus_gemm_gfx942_splitk_em3en4_lds1_pgr2_256x128x96x128_2x2_16x16x16_0x0x0,0.0,68.58,506.75
gfx942,80,1536,160,6144,False,torch.bfloat16,torch.bfloat16,False,False,opus,10204,3,39.0517,opus_gemm_gfx942_splitk_em3en4_lds1_pgr2_256x128x96x128_2x2_16x16x16_0x0x0,0.0,77.33,546.25
gfx942,80,2048,160,6144,False,torch.bfloat16,torch.bfloat16,False,False,opus,10204,5,52.586,opus_gemm_gfx942_splitk_em3en4_lds1_pgr2_256x128x96x128_2x2_16x16x16_0x0x0,0.0003,76.57,528.42
gfx942,80,3072,160,6144,False,torch.bfloat16,torch.bfloat16,False,False,opus,10204,3,70.6337,opus_gemm_gfx942_splitk_em3en4_lds1_pgr2_256x128x96x128_2x2_16x16x16_0x0x0,0.0,85.51,576.18
gfx942,80,4096,160,6144,False,torch.bfloat16,torch.bfloat16,False,False,opus,10204,1,93.8685,opus_gemm_gfx942_splitk_em3en4_lds1_pgr2_256x128x96x128_2x2_16x16x16_0x0x0,0.0,85.79,571.1
gfx942,80,8192,160,6144,False,torch.bfloat16,torch.bfloat16,False,False,torch,0,0,151.3114,native,0.0,106.44,695.59
gfx942,80,16384,160,6144,False,torch.bfloat16,torch.bfloat16,False,False,torch,0,0,200.1622,native,0.0,160.93,1041.83
gfx942,80,32768,160,6144,False,torch.bfloat16,torch.bfloat16,False,False,torch,0,0,420.4288,native,0.0,153.24,987.34
gfx942,80,1,256,6144,False,torch.bfloat16,torch.bfloat16,False,False,opus,10311,0,4.9398,opus_gemm_gfx942_wkc_accum_512x16x32x32_1x1_16x16x16_0x0x0,0.0234,0.64,639.4
gfx942,80,2,256,6144,False,torch.bfloat16,torch.bfloat16,False,False,opus,10311,0,4.9586,opus_gemm_gfx942_wkc_accum_512x16x32x32_1x1_16x16x16_0x0x0,0.0195,1.27,639.56
gfx942,80,4,256,6144,False,torch.bfloat16,torch.bfloat16,False,False,opus,10311,0,5.3272,opus_gemm_gfx942_wkc_accum_512x16x32x32_1x1_16x16x16_0x0x0,0.0186,2.36,600.11
gfx942,80,8,256,6144,False,torch.bfloat16,torch.bfloat16,False,False,opus,10310,0,4.9466,opus_gemm_gfx942_wkc_accum_256x16x16x64_1x1_16x16x16_0x0x0,0.0181,5.09,656.64
gfx942,80,16,256,6144,False,torch.bfloat16,torch.bfloat16,False,False,opus,10311,0,5.2814,opus_gemm_gfx942_wkc_accum_512x16x32x32_1x1_16x16x16_0x0x0,0.021,9.53,634.4
gfx942,80,24,256,6144,False,torch.bfloat16,torch.bfloat16,False,False,opus,10313,0,6.2673,opus_gemm_gfx942_wkc_accum_256x32x32x64_1x1_16x16x16_0x0x0,0.02,12.05,550.94
gfx942,80,32,256,6144,False,torch.bfloat16,torch.bfloat16,False,False,asm,1,16,7.9053,_ZN5aiter39bf16gemm_fp32bf16_tn_32x64_splitk_cleanE,0.0308,12.73,449.74
gfx942,80,48,256,6144,False,torch.bfloat16,torch.bfloat16,False,False,asm,3,16,8.3769,_ZN5aiter39bf16gemm_fp32bf16_tn_48x64_splitk_cleanE,0.0295,18.03,448.87
gfx942,80,64,256,6144,False,torch.bfloat16,torch.bfloat16,False,False,asm,5,16,9.0858,_ZN5aiter39bf16gemm_fp32bf16_tn_64x64_splitk_cleanE,0.03,22.16,436.39
gfx942,80,96,256,6144,False,torch.bfloat16,torch.bfloat16,False,False,asm,3,10,11.0574,_ZN5aiter39bf16gemm_fp32bf16_tn_48x64_splitk_cleanE,0.0231,27.31,395.62
gfx942,80,128,256,6144,False,torch.bfloat16,torch.bfloat16,False,False,opus,10302,0,11.7008,opus_gemm_gfx942_wkc_512x32x16x64_1x1_16x16x16_0x0x0,0.0,34.41,408.87
gfx942,80,192,256,6144,False,torch.bfloat16,torch.bfloat16,False,False,torch,769,6,14.7299,native,0.0248,41.0,380.41
gfx942,80,256,256,6144,False,torch.bfloat16,torch.bfloat16,False,False,asm,5,5,16.6326,_ZN5aiter39bf16gemm_fp32bf16_tn_64x64_splitk_cleanE,0.0156,48.42,386.14
gfx942,80,384,256,6144,False,torch.bfloat16,torch.bfloat16,False,False,asm,8,5,22.1138,_ZN5aiter39bf16gemm_fp32bf16_tn_96x64_splitk_cleanE,0.0146,54.62,364.52
gfx942,80,512,256,6144,False,torch.bfloat16,torch.bfloat16,False,False,opus,10204,6,25.2282,opus_gemm_gfx942_splitk_em3en4_lds1_pgr2_256x128x96x128_2x2_16x16x16_0x0x0,0.0,63.84,384.46
gfx942,80,768,256,6144,False,torch.bfloat16,torch.bfloat16,False,False,opus,10201,3,34.5862,opus_gemm_gfx942_splitk_p1_256x64x64x64_2x2_16x16x16_0x0x0,0.0,69.85,375.18
gfx942,80,1024,256,6144,False,torch.bfloat16,torch.bfloat16,False,False,torch,0,0,35.7927,native,0.0,90.0,454.08
gfx942,80,1536,256,6144,False,torch.bfloat16,torch.bfloat16,False,False,opus,10216,11,47.8542,opus_gemm_gfx942_splitk_quad_mfma32_bf16ws_256x256x256x32_2x2_32x32x8_6x0x0,0.0123,100.97,476.58
gfx942,80,2048,256,6144,False,torch.bfloat16,torch.bfloat16,False,False,opus,10216,0,52.3827,opus_gemm_gfx942_splitk_quad_mfma32_bf16ws_256x256x256x32_2x2_32x32x8_6x0x0,0.012,122.99,560.49
gfx942,80,3072,256,6144,False,torch.bfloat16,torch.bfloat16,False,False,opus,10216,6,78.0534,opus_gemm_gfx942_splitk_quad_mfma32_bf16ws_256x256x256x32_2x2_32x32x8_6x0x0,0.0113,123.81,544.08
gfx942,80,4096,256,6144,False,torch.bfloat16,torch.bfloat16,False,False,opus,10216,10,97.7382,opus_gemm_gfx942_splitk_quad_mfma32_bf16ws_256x256x256x32_2x2_32x32x8_6x0x0,0.012,131.83,568.61
gfx942,80,8192,256,6144,False,torch.bfloat16,torch.bfloat16,False,False,opus,10216,7,178.447,opus_gemm_gfx942_splitk_quad_mfma32_bf16ws_256x256x256x32_2x2_32x32x8_6x0x0,0.0116,144.41,605.24
gfx942,80,16384,256,6144,False,torch.bfloat16,torch.bfloat16,False,False,triton,0,0,336.8619,auto,0.0,153.0,631.89
gfx942,80,32768,256,6144,False,torch.bfloat16,torch.bfloat16,False,False,triton,0,0,650.7827,auto,0.0,158.39,649.34
gfx942,80,4,6144,6144,False,torch.bfloat16,torch.bfloat16,False,False,opus,10300,0,47.3828,opus_gemm_gfx942_wkc_512x16x16x64_1x1_16x16x16_0x0x0,0.0,6.37,1595.43
gfx942,80,8,6144,4096,False,torch.bfloat16,torch.bfloat16,False,False,opus,10301,0,34.4629,opus_gemm_gfx942_wkc_512x16x32x32_1x1_16x16x16_0x0x0,0.0,11.68,1465.21
gfx942,80,16,6144,3072,False,torch.bfloat16,torch.bfloat16,False,False,opus,10301,0,27.883,opus_gemm_gfx942_wkc_512x16x32x32_1x1_16x16x16_0x0x0,0.0,21.66,1364.4
gfx942,80,16,6144,4096,False,torch.bfloat16,torch.bfloat16,False,False,opus,10301,0,34.8629,opus_gemm_gfx942_wkc_512x16x32x32_1x1_16x16x16_0x0x0,0.0,23.1,1453.1
gfx950,256,1,32,6144,False,torch.bfloat16,torch.bfloat16,False,False,skinny,2,0,3.5315,sol2,0.0,0.11,114.84
gfx950,256,2,32,6144,False,torch.bfloat16,torch.bfloat16,False,False,flydsl,34,8,3.957,flydsl_hgemm_abf16_wbf16_bf16_t16x16x128x6_ks8_w1x1x1_bias0_ktail0_gm0_pft_gfx950,0.0156,0.2,105.62
gfx950,256,4,32,6144,False,torch.bfloat16,torch.bfloat16,False,False,flydsl,41,8,4.0269,flydsl_hgemm_abf16_wbf16_bf16_t16x16x128x7_ks8_w1x1x1_bias0_ktail0_gm0_pft_gfx950,0.0234,0.39,109.92
gfx950,256,8,32,6144,False,torch.bfloat16,torch.bfloat16,False,False,flydsl,216,8,4.201,flydsl_hgemm_abf16_wbf16_bf16_t16x32x128x5_ks8_w1x2x1_bias0_ktail0_gm0_pft_gfx950,0.0234,0.75,117.12
gfx950,256,16,32,6144,False,torch.bfloat16,torch.bfloat16,False,False,flydsl,41,8,4.1504,flydsl_hgemm_abf16_wbf16_bf16_t16x16x128x7_ks8_w1x1x1_bias0_ktail0_gm0_pft_gfx950,0.0293,1.52,142.36
gfx950,256,32,32,6144,False,torch.bfloat16,torch.bfloat16,False,False,flydsl,41,8,4.1495,flydsl_hgemm_abf16_wbf16_bf16_t16x16x128x7_ks8_w1x1x1_bias0_ktail0_gm0_pft_gfx950,0.0176,3.03,190.02
gfx950,256,48,32,6144,False,torch.bfloat16,torch.bfloat16,False,False,flydsl,216,8,4.2556,flydsl_hgemm_abf16_wbf16_bf16_t16x32x128x5_ks8_w1x2x1_bias0_ktail0_gm0_pft_gfx950,0.0215,4.44,231.72
gfx950,256,64,32,6144,False,torch.bfloat16,torch.bfloat16,False,False,flydsl,197,8,4.3247,flydsl_hgemm_abf16_wbf16_bf16_t16x32x128x4_ks8_w1x2x1_bias0_ktail0_gm0_pft_gfx950,0.0259,5.82,273.72
gfx950,256,128,32,6144,False,torch.bfloat16,torch.bfloat16,False,False,flydsl,697,8,4.6579,flydsl_hgemm_abf16_wbf16_bf16_t16x32x128x6_ks8_w1x2x1_bias0_ktail0_gm0_pft_gfx950,0.0229,10.81,423.85
gfx950,256,256,32,6144,False,torch.bfloat16,torch.bfloat16,False,False,flydsl,2154,8,5.507,flydsl_hgemm_abf16_wbf16_bf16_t32x32x64x9_ks8_w2x1x1_bias0_ktail0_gm0_pft_gfx950,0.0228,18.28,645.6
gfx950,256,16384,32,6144,False,torch.bfloat16,torch.bfloat16,False,False,flydsl,75,2,37.6374,flydsl_hgemm_abf16_wbf16_bf16_t128x32x128x3_ks2_w2x2x1_bias0_ktail0_gm0_pft_gfx950,0.0058,171.17,5387.42
gfx950,256,1,160,6144,False,torch.bfloat16,torch.bfloat16,False,False,skinny,2,0,3.5167,sol2,0.0,0.56,562.65
gfx950,256,2,160,6144,False,torch.bfloat16,torch.bfloat16,False,False,flydsl,34,8,4.4549,flydsl_hgemm_abf16_wbf16_bf16_t16x16x128x6_ks8_w1x1x1_bias0_ktail0_gm0_pft_gfx950,0.0125,0.88,446.99
gfx950,256,4,160,6144,False,torch.bfloat16,torch.bfloat16,False,False,flydsl,254,8,4.335,flydsl_hgemm_abf16_wbf16_bf16_t16x32x128x7_ks8_w1x2x1_bias0_ktail0_gm0_pft_gfx950,0.0094,1.81,465.17
gfx950,256,8,160,6144,False,torch.bfloat16,torch.bfloat16,False,False,flydsl,235,8,4.3541,flydsl_hgemm_abf16_wbf16_bf16_t16x32x128x6_ks8_w1x2x1_bias0_ktail0_gm0_pft_gfx950,0.0195,3.61,474.71
gfx950,256,16,160,6144,False,torch.bfloat16,torch.bfloat16,False,False,flydsl,74,8,4.6144,flydsl_hgemm_abf16_wbf16_bf16_t16x16x256x4_ks8_w1x1x1_bias0_ktail0_gm0_pft_gfx950,0.0242,6.82,469.79
gfx950,256,24,160,6144,False,torch.bfloat16,torch.bfloat16,False,False,flydsl,235,8,4.8819,flydsl_hgemm_abf16_wbf16_bf16_t16x32x128x6_ks8_w1x2x1_bias0_ktail0_gm0_pft_gfx950,0.0201,9.67,464.71
gfx950,256,32,160,6144,False,torch.bfloat16,torch.bfloat16,False,False,flydsl,1107,8,4.9053,flydsl_hgemm_abf16_wbf16_bf16_t32x16x128x7_ks8_w2x1x1_bias0_ktail0_gm0_pft_gfx950,0.0205,12.83,483.06
gfx950,256,48,160,6144,False,torch.bfloat16,torch.bfloat16,False,False,flydsl,2106,8,5.1513,flydsl_hgemm_abf16_wbf16_bf16_t32x32x64x8_ks8_w2x2x1_bias0_ktail0_gm0_pft_gfx950,0.0181,18.32,499.15
gfx950,256,64,160,6144,False,torch.bfloat16,torch.bfloat16,False,False,flydsl,2610,8,5.4419,flydsl_hgemm_abf16_wbf16_bf16_t32x32x64x8_ks8_w2x2x1_bias0_ktail0_gm0_pft_gfx950,0.021,23.12,509.56
gfx950,256,96,160,6144,False,torch.bfloat16,torch.bfloat16,False,False,flydsl,4232,8,6.0649,flydsl_hgemm_abf16_wbf16_bf16_t32x64x64x6_ks8_w2x2x1_bias0_ktail0_gm0_pft_gfx950,0.0207,31.12,523.74
gfx950,256,128,160,6144,False,torch.bfloat16,torch.bfloat16,False,False,flydsl,4001,8,6.4035,flydsl_hgemm_abf16_wbf16_bf16_t32x64x128x4_ks8_w2x2x1_bias0_ktail0_gm0_pft_gfx950,0.02,39.3,559.05
gfx950,256,192,160,6144,False,torch.bfloat16,torch.bfloat16,False,False,flydsl,3506,6,7.2585,flydsl_hgemm_abf16_wbf16_bf16_t32x32x64x6_ks6_w2x1x1_bias0_ktail0_gm0_pft_gfx950,0.0179,52.01,604.37
gfx950,256,256,160,6144,False,torch.bfloat16,torch.bfloat16,False,False,flydsl,4072,6,7.8159,flydsl_hgemm_abf16_wbf16_bf16_t32x64x128x4_ks6_w2x2x1_bias0_ktail0_gm0_pft_gfx950,0.0189,64.4,664.51
gfx950,256,384,160,6144,False,torch.bfloat16,torch.bfloat16,False,False,flydsl,3577,6,8.5717,flydsl_hgemm_abf16_wbf16_bf16_t32x64x64x8_ks6_w1x4x1_bias0_ktail0_gm0_pft_gfx950,0.0171,88.08,794.19
gfx950,256,512,160,6144,False,torch.bfloat16,torch.bfloat16,False,False,flydsl,3715,8,9.6684,flydsl_hgemm_abf16_wbf16_bf16_t32x96x64x5_ks8_w2x2x1_bias0_ktail0_gm0_pft_gfx950,0.0206,104.12,871.02
gfx950,256,768,160,6144,False,torch.bfloat16,torch.bfloat16,False,False,flydsl,1419,2,12.3677,flydsl_hgemm_abf16_wbf16_bf16_t32x32x64x6_ks2_w2x1x1_bias0_ktail0_gm0_pft_gfx950,0.0056,122.09,941.89
gfx950,256,1024,160,6144,False,torch.bfloat16,torch.bfloat16,False,False,flydsl,1636,2,14.5298,flydsl_hgemm_abf16_wbf16_bf16_t48x32x64x6_ks2_w1x2x1_bias0_ktail0_gm0_pft_gfx950,0.0057,138.56,1023.87
gfx950,256,1536,160,6144,False,torch.bfloat16,torch.bfloat16,False,False,flydsl,886,1,17.6866,flydsl_hgemm_abf16_wbf16_bf16_t32x32x128x4_ks1_w2x1x1_bias0_ktail0_gm0_pft_gfx950,0.0,170.75,1206.11
gfx950,256,2048,160,6144,False,torch.bfloat16,torch.bfloat16,False,False,flydsl,731,1,15.448,flydsl_hgemm_abf16_wbf16_bf16_t32x32x128x4_ks1_w1x2x2_bias0_ktail0_gm4_pft_gfx950,0.0056,260.65,1798.76
gfx950,256,3072,160,6144,False,torch.bfloat16,torch.bfloat16,False,False,flydsl,993,1,21.8877,flydsl_hgemm_abf16_wbf16_bf16_t48x32x128x4_ks1_w1x1x2_bias0_ktail0_gm4_pft_gfx950,0.0053,275.94,1859.39
gfx950,256,4096,160,6144,False,torch.bfloat16,torch.bfloat16,False,False,flydsl,1021,1,25.9325,flydsl_hgemm_abf16_wbf16_bf16_t64x32x64x5_ks1_w2x1x1_bias0_ktail0_gm4_pft_gfx950,0.0,310.54,2067.23
gfx950,256,8192,160,6144,False,torch.bfloat16,torch.bfloat16,False,False,flydsl,113,1,43.8211,flydsl_hgemm_abf16_wbf16_bf16_t128x32x64x4_ks1_w2x1x1_bias0_ktail0_gm4_pft_gfx950,0.0,367.54,2401.83
gfx950,256,16384,160,6144,False,torch.bfloat16,torch.bfloat16,False,False,torch,0,0,55.2974,native,0.0,582.53,3771.16
gfx950,256,32768,160,6144,False,torch.bfloat16,torch.bfloat16,False,False,torch,0,0,93.0041,native,0.0,692.71,4463.3
gfx950,256,1,256,6144,False,torch.bfloat16,torch.bfloat16,False,False,skinny,2,0,4.0221,sol2,0.0,0.78,785.29
gfx950,256,2,256,6144,False,torch.bfloat16,torch.bfloat16,False,False,skinny,2,0,4.536,sol2,0.0,1.39,699.15
gfx950,256,4,256,6144,False,torch.bfloat16,torch.bfloat16,False,False,flydsl,380,8,4.7905,flydsl_hgemm_abf16_wbf16_bf16_t16x32x128x7_ks8_w1x2x1_bias0_ktail0_gm0_pft_gfx950,0.0166,2.63,667.35
gfx950,256,8,256,6144,False,torch.bfloat16,torch.bfloat16,False,False,flydsl,361,8,4.8443,flydsl_hgemm_abf16_wbf16_bf16_t16x32x128x6_ks8_w1x2x1_bias0_ktail0_gm0_pft_gfx950,0.019,5.19,670.51
gfx950,256,16,256,6144,False,torch.bfloat16,torch.bfloat16,False,False,flydsl,361,8,5.0522,flydsl_hgemm_abf16_wbf16_bf16_t16x32x128x6_ks8_w1x2x1_bias0_ktail0_gm0_pft_gfx950,0.0227,9.96,663.18
gfx950,256,24,256,6144,False,torch.bfloat16,torch.bfloat16,False,False,flydsl,2608,8,5.4346,flydsl_hgemm_abf16_wbf16_bf16_t32x32x64x8_ks8_w2x1x1_bias0_ktail0_gm0_pft_gfx950,0.0228,13.89,635.36
gfx950,256,32,256,6144,False,torch.bfloat16,torch.bfloat16,False,False,flydsl,2564,8,5.4978,flydsl_hgemm_abf16_wbf16_bf16_t32x32x64x7_ks8_w1x2x1_bias0_ktail0_gm0_pft_gfx950,0.0204,18.31,646.68
gfx950,256,48,256,6144,False,torch.bfloat16,torch.bfloat16,False,False,flydsl,605,8,5.9731,flydsl_hgemm_abf16_wbf16_bf16_t16x32x64x8_ks8_w1x2x1_bias0_ktail0_gm0_pft_gfx950,0.0185,25.28,629.51
gfx950,256,64,256,6144,False,torch.bfloat16,torch.bfloat16,False,False,flydsl,361,8,6.2023,flydsl_hgemm_abf16_wbf16_bf16_t16x32x128x6_ks8_w1x2x1_bias0_ktail0_gm0_pft_gfx950,0.0206,32.46,639.27
gfx950,256,96,256,6144,False,torch.bfloat16,torch.bfloat16,False,False,flydsl,3721,8,6.639,flydsl_hgemm_abf16_wbf16_bf16_t32x32x64x7_ks8_w2x2x1_bias0_ktail0_gm0_pft_gfx950,0.0198,45.49,658.91
gfx950,256,128,256,6144,False,torch.bfloat16,torch.bfloat16,False,False,flydsl,3694,6,6.9987,flydsl_hgemm_abf16_wbf16_bf16_t32x32x64x7_ks6_w2x2x1_bias0_ktail0_gm0_pft_gfx950,0.0171,57.53,683.57
gfx950,256,192,256,6144,False,torch.bfloat16,torch.bfloat16,False,False,flydsl,4063,8,8.0281,flydsl_hgemm_abf16_wbf16_bf16_t32x64x128x4_ks8_w2x2x1_bias0_ktail0_gm0_pft_gfx950,0.0206,75.23,697.96
gfx950,256,256,256,6144,False,torch.bfloat16,torch.bfloat16,False,False,flydsl,3949,8,8.7369,flydsl_hgemm_abf16_wbf16_bf16_t32x64x128x4_ks8_w1x4x1_bias0_ktail0_gm0_pft_gfx950,0.021,92.17,735.1
gfx950,256,1536,256,6144,False,torch.bfloat16,torch.bfloat16,False,False,asm,8,4,18.469,_ZN5aiter39bf16gemm_fp32bf16_tn_96x64_splitk_cleanE,0.0127,261.62,1234.85
gfx950,256,2048,256,6144,False,torch.bfloat16,torch.bfloat16,False,False,flydsl,3081,4,21.3649,flydsl_hgemm_abf16_wbf16_bf16_t64x128x64x5_ks4_w2x4x1_bias0_ktail0_gm0_pft_gfx950,0.0133,301.54,1374.22
gfx950,256,3072,256,6144,False,torch.bfloat16,torch.bfloat16,False,False,flydsl,2173,1,26.0406,flydsl_hgemm_abf16_wbf16_bf16_t48x64x128x4_ks1_w1x4x1_bias0_ktail0_gm4_pft_gfx950,0.0,371.1,1630.81
gfx950,256,4096,256,6144,False,torch.bfloat16,torch.bfloat16,False,False,flydsl,2747,1,29.7257,flydsl_hgemm_abf16_wbf16_bf16_t64x64x128x4_ks1_w2x2x2_bias0_ktail0_gm4_pft_gfx950,0.0057,433.46,1869.58
gfx950,256,8192,256,6144,False,torch.bfloat16,torch.bfloat16,False,False,flydsl,1083,1,44.5501,flydsl_hgemm_abf16_wbf16_bf16_t64x128x128x3_ks1_w2x2x2_bias0_ktail0_gm4_pft_gfx950,0.0057,578.45,2424.31
gfx950,256,16384,256,6144,False,torch.bfloat16,torch.bfloat16,False,False,flydsl,3,1,71.843,flydsl_hgemm_abf16_wbf16_bf16_t128x128x128x2_ks1_w2x2x1_bias0_ktail0_gm4_pht_gfx950,0.0,717.39,2962.86
gfx950,256,32768,256,6144,False,torch.bfloat16,torch.bfloat16,False,False,torch,0,0,111.0283,native,0.0,928.4,3806.02
gfx950,256,1,2624,6144,False,torch.bfloat16,torch.bfloat16,False,False,flydsl,789,6,8.6795,flydsl_hgemm_abf16_wbf16_bf16_t16x64x64x7_ks6_w1x2x1_bias0_ktail0_gm0_pft_gfx950,0.0152,3.71,3716.95
gfx950,256,2,2624,6144,False,torch.bfloat16,torch.bfloat16,False,False,flydsl,771,6,8.7083,flydsl_hgemm_abf16_wbf16_bf16_t16x64x64x6_ks6_w1x2x1_bias0_ktail0_gm0_pft_gfx950,0.0145,7.41,3706.67
gfx950,256,4,2624,6144,False,torch.bfloat16,torch.bfloat16,False,False,flydsl,873,6,8.7534,flydsl_hgemm_abf16_wbf16_bf16_t16x64x64x5_ks6_w1x2x1_bias0_ktail0_gm0_pft_gfx950,0.0158,14.73,3691.58
gfx950,256,8,2624,6144,False,torch.bfloat16,torch.bfloat16,False,False,flydsl,909,6,8.9813,flydsl_hgemm_abf16_wbf16_bf16_t16x64x64x7_ks6_w1x2x1_bias0_ktail0_gm0_pft_gfx950,0.0178,28.72,3605.71
gfx950,256,16,2624,6144,False,torch.bfloat16,torch.bfloat16,False,False,flydsl,588,6,9.3541,flydsl_hgemm_abf16_wbf16_bf16_t16x64x128x3_ks6_w1x2x1_bias0_ktail0_gm0_pft_gfx950,0.0169,55.15,3477.01
gfx950,256,32,2624,6144,False,torch.bfloat16,torch.bfloat16,False,False,flydsl,3019,6,10.3778,flydsl_hgemm_abf16_wbf16_bf16_t32x64x64x9_ks6_w2x2x1_bias0_ktail0_gm0_pft_gfx950,0.0173,99.42,3161.06
gfx950,256,48,2624,6144,False,torch.bfloat16,torch.bfloat16,False,False,flydsl,5597,6,11.6031,flydsl_hgemm_abf16_wbf16_bf16_t64x64x64x5_ks6_w2x4x1_bias0_ktail0_gm0_pft_gfx950,0.0176,133.39,2851.43
gfx950,256,64,2624,6144,False,torch.bfloat16,torch.bfloat16,False,False,flydsl,5671,6,12.6749,flydsl_hgemm_abf16_wbf16_bf16_t64x64x64x6_ks6_w2x4x1_bias0_ktail0_gm0_pft_gfx950,0.0175,162.81,2632.45
gfx950,256,128,2624,6144,False,torch.bfloat16,torch.bfloat16,False,False,flydsl,5358,3,17.3121,flydsl_hgemm_abf16_wbf16_bf16_t64x64x64x6_ks3_w2x4x1_bias0_ktail0_gm0_pft_gfx950,0.0101,238.4,1992.15
gfx950,256,256,2624,6144,False,torch.bfloat16,torch.bfloat16,False,False,flydsl,4281,4,23.2273,flydsl_hgemm_abf16_wbf16_bf16_t64x96x64x4_ks4_w2x2x1_bias0_ktail0_gm0_pft_gfx950,0.013,355.37,1581.45
gfx950,256,16384,2624,6144,False,torch.bfloat16,torch.bfloat16,False,False,torch,0,0,403.9291,native,0.0,1307.86,791.11
gfx950,256,1,4096,2048,False,torch.bfloat16,torch.bfloat16,False,False,flydsl,121,1,5.8513,flydsl_hgemm_abf16_wbf16_bf16_t16x16x256x5_ks1_w1x1x2_bias0_ktail0_gm4_pft_gfx950,0.0034,2.87,2869.36
gfx950,256,2,4096,2048,False,torch.bfloat16,torch.bfloat16,False,False,flydsl,121,1,5.9699,flydsl_hgemm_abf16_wbf16_bf16_t16x16x256x5_ks1_w1x1x2_bias0_ktail0_gm4_pft_gfx950,0.0024,5.62,2814.42
gfx950,256,4,4096,2048,False,torch.bfloat16,torch.bfloat16,False,False,flydsl,117,1,5.8537,flydsl_hgemm_abf16_wbf16_bf16_t16x16x256x4_ks1_w1x1x2_bias0_ktail0_gm4_pft_gfx950,0.0034,11.46,2874.48
gfx950,256,8,4096,2048,False,torch.bfloat16,torch.bfloat16,False,False,flydsl,121,1,6.011,flydsl_hgemm_abf16_wbf16_bf16_t16x16x256x5_ks1_w1x1x2_bias0_ktail0_gm4_pft_gfx950,0.0035,22.33,2807.44
gfx950,256,16,4096,2048,False,torch.bfloat16,torch.bfloat16,False,False,triton,0,0,5.9952,auto,0.0,44.78,2831.24
gfx950,256,32,4096,2048,False,torch.bfloat16,torch.bfloat16,False,False,flydsl,202,1,7.0777,flydsl_hgemm_abf16_wbf16_bf16_t16x32x128x6_ks1_w1x2x1_bias0_ktail0_gm0_pft_gfx950,0.0,75.85,2425.99
gfx950,256,48,4096,2048,False,torch.bfloat16,torch.bfloat16,False,False,flydsl,1130,1,7.4583,flydsl_hgemm_abf16_wbf16_bf16_t32x32x64x8_ks1_w2x2x1_bias0_ktail0_gm0_pft_gfx950,0.0,107.97,2328.55
gfx950,256,64,4096,2048,False,torch.bfloat16,torch.bfloat16,False,False,flydsl,1120,1,7.9431,flydsl_hgemm_abf16_wbf16_bf16_t32x32x64x8_ks1_w2x2x1_bias0_ktail0_gm0_pft_gfx950,0.0,135.18,2211.18
gfx950,256,128,4096,2048,False,torch.bfloat16,torch.bfloat16,False,False,flydsl,2844,1,9.7014,flydsl_hgemm_abf16_wbf16_bf16_t64x32x128x4_ks1_w4x1x1_bias0_ktail0_gm4_pft_gfx950,0.0,221.36,1891.49
gfx950,256,256,4096,2048,False,torch.bfloat16,torch.bfloat16,False,False,flydsl,2799,1,11.7823,flydsl_hgemm_abf16_wbf16_bf16_t64x64x64x6_ks1_w4x2x1_bias0_ktail0_gm0_pft_gfx950,0.0,364.53,1690.92
gfx950,256,16384,4096,2048,False,torch.bfloat16,torch.bfloat16,False,False,torch,0,0,207.3129,native,0.0,1325.91,1052.05
gfx950,256,1,6144,3072,False,torch.bfloat16,torch.bfloat16,False,False,flydsl,251,1,8.3522,flydsl_hgemm_abf16_wbf16_bf16_t16x32x128x6_ks1_w1x2x1_bias0_ktail0_gm0_pft_gfx950,0.0,4.52,4521.82
gfx950,256,1,6144,4096,False,torch.bfloat16,torch.bfloat16,False,False,flydsl,101,1,11.0425,flydsl_hgemm_abf16_wbf16_bf16_t16x16x128x7_ks1_w1x1x1_bias0_ktail0_gm4_pft_gfx950,0.0,4.56,4559.85
gfx950,256,1,6144,6144,False,torch.bfloat16,torch.bfloat16,False,False,flydsl,136,1,15.4147,flydsl_hgemm_abf16_wbf16_bf16_t16x16x128x6_ks1_w1x1x1_bias0_ktail0_gm0_pft_gfx950,0.0,4.9,4899.35
gfx950,256,2,6144,3072,False,torch.bfloat16,torch.bfloat16,False,False,flydsl,251,1,8.4327,flydsl_hgemm_abf16_wbf16_bf16_t16x32x128x6_ks1_w1x2x1_bias0_ktail0_gm0_pft_gfx950,0.0,8.95,4480.84
gfx950,256,2,6144,4096,False,torch.bfloat16,torch.bfloat16,False,False,flydsl,119,1,11.0296,flydsl_hgemm_abf16_wbf16_bf16_t16x16x256x3_ks1_w1x1x2_bias0_ktail0_gm4_pft_gfx950,0.0042,9.13,4567.04
gfx950,256,2,6144,6144,False,torch.bfloat16,torch.bfloat16,False,False,flydsl,136,1,15.4605,flydsl_hgemm_abf16_wbf16_bf16_t16x16x128x6_ks1_w1x1x1_bias0_ktail0_gm0_pft_gfx950,0.0,9.77,4886.43
gfx950,256,4,6144,3072,False,torch.bfloat16,torch.bfloat16,False,False,flydsl,270,1,8.6736,flydsl_hgemm_abf16_wbf16_bf16_t16x32x128x8_ks1_w1x2x1_bias0_ktail0_gm0_pft_gfx950,0.0,17.41,4360.64
gfx950,256,4,6144,4096,False,torch.bfloat16,torch.bfloat16,False,False,flydsl,119,1,11.1635,flydsl_hgemm_abf16_wbf16_bf16_t16x16x256x3_ks1_w1x1x2_bias0_ktail0_gm4_pft_gfx950,0.0046,18.03,4515.93
gfx950,256,4,6144,6144,False,torch.bfloat16,torch.bfloat16,False,False,flydsl,136,1,15.4889,flydsl_hgemm_abf16_wbf16_bf16_t16x16x128x6_ks1_w1x1x1_bias0_ktail0_gm0_pft_gfx950,0.0,19.5,4880.64
gfx950,256,8,6144,3072,False,torch.bfloat16,torch.bfloat16,False,False,flydsl,241,1,8.7856,flydsl_hgemm_abf16_wbf16_bf16_t16x32x128x5_ks1_w1x2x1_bias0_ktail0_gm0_pft_gfx950,0.0,34.37,4313.44
gfx950,256,8,6144,4096,False,torch.bfloat16,torch.bfloat16,False,False,flydsl,93,1,11.1387,flydsl_hgemm_abf16_wbf16_bf16_t16x16x128x5_ks1_w1x1x1_bias0_ktail0_gm4_pft_gfx950,0.0,36.15,4533.34
gfx950,256,16,6144,3072,False,torch.bfloat16,torch.bfloat16,False,False,flydsl,241,1,9.2069,flydsl_hgemm_abf16_wbf16_bf16_t16x32x128x5_ks1_w1x2x1_bias0_ktail0_gm0_pft_gfx950,0.0,65.6,4132.08
gfx950,256,16,6144,4096,False,torch.bfloat16,torch.bfloat16,False,False,flydsl,93,1,12.0003,flydsl_hgemm_abf16_wbf16_bf16_t16x16x128x5_ks1_w1x1x1_bias0_ktail0_gm4_pft_gfx950,0.0,67.11,4221.51
gfx950,256,16,6144,6144,False,torch.bfloat16,torch.bfloat16,False,False,flydsl,488,2,16.1966,flydsl_hgemm_abf16_wbf16_bf16_t16x64x128x5_ks2_w1x4x1_bias0_ktail0_gm0_pft_gfx950,0.0054,74.58,4685.59
gfx950,256,32,6144,3072,False,torch.bfloat16,torch.bfloat16,False,False,triton,0,0,10.3364,auto,0.0,116.86,3709.08
gfx950,256,32,6144,4096,False,torch.bfloat16,torch.bfloat16,False,False,triton,0,0,12.7791,auto,0.0,126.03,3989.87
gfx950,256,32,6144,6144,False,torch.bfloat16,torch.bfloat16,False,False,flydsl,1660,2,17.4663,flydsl_hgemm_abf16_wbf16_bf16_t32x64x128x4_ks2_w1x4x1_bias0_ktail0_gm0_pft_gfx950,0.0056,138.32,4367.49
gfx950,256,48,6144,3072,False,torch.bfloat16,torch.bfloat16,False,False,flydsl,1909,1,12.28,flydsl_hgemm_abf16_wbf16_bf16_t48x32x128x4_ks1_w1x2x2_bias0_ktail0_gm0_pft_gfx950,0.0042,147.55,3146.05
gfx950,256,48,6144,4096,False,torch.bfloat16,torch.bfloat16,False,False,flydsl,2979,4,14.5802,flydsl_hgemm_abf16_wbf16_bf16_t64x64x64x5_ks4_w2x4x1_bias0_ktail0_gm0_pft_gfx950,0.0116,165.7,3519.48
gfx950,256,48,6144,6144,False,torch.bfloat16,torch.bfloat16,False,False,flydsl,4468,4,19.4322,flydsl_hgemm_abf16_wbf16_bf16_t64x96x64x4_ks4_w2x2x1_bias0_ktail0_gm0_pft_gfx950,0.0129,186.49,3945.88
gfx950,256,64,6144,3072,False,torch.bfloat16,torch.bfloat16,False,False,triton,0,0,12.8094,auto,0.0,188.61,3039.05
gfx950,256,64,6144,4096,False,torch.bfloat16,torch.bfloat16,False,False,triton,0,0,15.9025,auto,0.0,202.56,3247.44
gfx950,256,64,6144,6144,False,torch.bfloat16,torch.bfloat16,False,False,flydsl,4294,4,20.8891,flydsl_hgemm_abf16_wbf16_bf16_t64x96x64x5_ks4_w2x2x1_bias0_ktail0_gm0_pft_gfx950,0.0128,231.31,3689.5
gfx950,256,128,6144,3072,False,torch.bfloat16,torch.bfloat16,False,False,triton,0,0,16.748,auto,0.0,288.5,2394.8
gfx950,256,128,6144,4096,False,torch.bfloat16,torch.bfloat16,False,False,torch,0,0,20.6937,native,0.0,311.32,2558.9
gfx950,256,128,6144,6144,False,torch.bfloat16,torch.bfloat16,False,False,flydsl,3577,2,26.8568,flydsl_hgemm_abf16_wbf16_bf16_t64x96x128x3_ks2_w2x2x2_bias0_ktail0_gm0_pft_gfx950,0.0135,359.82,2928.24
gfx950,256,256,6144,3072,False,torch.bfloat16,torch.bfloat16,False,False,flydsl,2350,1,20.283,flydsl_hgemm_abf16_wbf16_bf16_t64x96x128x3_ks1_w2x2x2_bias0_ktail0_gm0_pft_gfx950,0.0042,476.44,2093.74
gfx950,256,256,6144,4096,False,torch.bfloat16,torch.bfloat16,False,False,flydsl,2067,1,25.4084,flydsl_hgemm_abf16_wbf16_bf16_t64x96x128x3_ks1_w2x2x2_bias0_ktail0_gm4_pft_gfx950,0.0049,507.11,2187.25
gfx950,256,256,6144,6144,False,torch.bfloat16,torch.bfloat16,False,False,flydsl,2350,1,36.8877,flydsl_hgemm_abf16_wbf16_bf16_t64x96x128x3_ks1_w2x2x2_bias0_ktail0_gm0_pft_gfx950,0.0057,523.95,2217.24
gfx950,256,16384,6144,3072,False,torch.bfloat16,torch.bfloat16,False,False,torch,0,0,420.6991,native,0.0,1470.11,807.56
gfx950,256,16384,6144,6144,False,torch.bfloat16,torch.bfloat16,False,False,asm,10,1,798.0028,_ZN5aiter24bf16gemm_bf16_tn_256x256E,0.0,1550.06,599.18
gfx950,256,1,19360,6144,False,torch.bfloat16,torch.bfloat16,False,False,flydsl,231,2,42.8055,flydsl_hgemm_abf16_wbf16_bf16_t16x96x128x2_ks2_w1x2x1_bias0_ktail0_gm0_pft_gfx950,0.0051,5.56,5558.79
gfx950,256,2,19360,6144,False,torch.bfloat16,torch.bfloat16,False,False,flydsl,231,2,43.3479,flydsl_hgemm_abf16_wbf16_bf16_t16x96x128x2_ks2_w1x2x1_bias0_ktail0_gm0_pft_gfx950,0.0051,10.98,5490.41
gfx950,256,4,19360,6144,False,torch.bfloat16,torch.bfloat16,False,False,flydsl,231,2,43.2415,flydsl_hgemm_abf16_wbf16_bf16_t16x96x128x2_ks2_w1x2x1_bias0_ktail0_gm0_pft_gfx950,0.0053,22.01,5506.28
gfx950,256,8,19360,6144,False,torch.bfloat16,torch.bfloat16,False,False,flydsl,237,1,42.9406,flydsl_hgemm_abf16_wbf16_bf16_t16x96x128x4_ks1_w1x2x1_bias0_ktail0_gm0_pft_gfx950,0.0,44.32,5549.61
gfx950,256,16,19360,6144,False,torch.bfloat16,torch.bfloat16,False,False,flydsl,231,2,43.9166,flydsl_hgemm_abf16_wbf16_bf16_t16x96x128x2_ks2_w1x2x1_bias0_ktail0_gm0_pft_gfx950,0.0055,86.67,5435.57
gfx950,256,24,19360,6144,False,torch.bfloat16,torch.bfloat16,False,False,torch,0,0,43.8795,native,0.0,130.12,5449.47
gfx950,256,32,19360,6144,False,torch.bfloat16,torch.bfloat16,False,False,flydsl,670,2,46.6754,flydsl_hgemm_abf16_wbf16_bf16_t32x96x128x2_ks2_w2x2x1_bias0_ktail0_gm0_pft_gfx950,0.0057,163.1,5131.78
gfx950,256,48,19360,6144,False,torch.bfloat16,torch.bfloat16,False,False,flydsl,605,2,49.5542,flydsl_hgemm_abf16_wbf16_bf16_t48x96x128x2_ks2_w1x2x1_bias0_ktail0_gm0_pft_gfx950,0.0057,230.43,4850.12
gfx950,256,64,19360,6144,False,torch.bfloat16,torch.bfloat16,False,False,flydsl,1140,1,49.8473,flydsl_hgemm_abf16_wbf16_bf16_t64x96x128x3_ks1_w2x2x1_bias0_ktail0_gm0_pft_gfx950,0.0,305.44,4837.98
gfx950,256,96,19360,6144,False,torch.bfloat16,torch.bfloat16,False,False,torch,0,0,55.2305,native,0.0,413.5,4395.98
gfx950,256,128,19360,6144,False,torch.bfloat16,torch.bfloat16,False,False,torch,0,0,63.2918,native,0.0,481.12,3861.87
gfx950,256,192,19360,6144,False,torch.bfloat16,torch.bfloat16,False,False,torch,0,0,73.2867,native,0.0,623.25,3379.73
gfx950,256,256,19360,6144,False,torch.bfloat16,torch.bfloat16,False,False,torch,0,0,82.4756,native,0.0,738.42,3042.76
gfx950,256,384,19360,6144,False,torch.bfloat16,torch.bfloat16,False,False,flydsl,14,1,106.6148,flydsl_hgemm_abf16_wbf16_bf16_t128x128x64x2_ks1_w2x2x1_bias0_ktail0_gm0_pft_gfx950,0.0,856.84,2415.08
gfx950,256,512,19360,6144,False,torch.bfloat16,torch.bfloat16,False,False,torch,0,0,116.2432,native,0.0,1047.83,2271.2
gfx950,256,768,19360,6144,False,torch.bfloat16,torch.bfloat16,False,False,flydsl,81,1,146.3629,flydsl_hgemm_abf16_wbf16_bf16_t256x256x64x2_ks1_w2x4x1_bias0_ktail0_gm0_pht_gfx950,0.0,1248.29,1893.03
gfx950,256,1024,19360,6144,False,torch.bfloat16,torch.bfloat16,False,False,torch,0,0,217.2514,native,0.0,1121.31,1335.45
gfx950,256,1536,19360,6144,False,torch.bfloat16,torch.bfloat16,False,False,flydsl,83,1,271.2954,flydsl_hgemm_abf16_wbf16_bf16_t256x256x64x2_ks1_w2x4x1_bias0_ktail0_gm4_pht_gfx950,0.0,1346.9,1165.68
gfx950,256,2048,19360,6144,False,torch.bfloat16,torch.bfloat16,False,False,flydsl,83,1,387.1395,flydsl_hgemm_abf16_wbf16_bf16_t256x256x64x2_ks1_w2x4x1_bias0_ktail0_gm4_pht_gfx950,0.0,1258.49,884.33
gfx950,256,3072,19360,6144,False,torch.bfloat16,torch.bfloat16,False,False,flydsl,83,1,536.6091,flydsl_hgemm_abf16_wbf16_bf16_t256x256x64x2_ks1_w2x4x1_bias0_ktail0_gm4_pht_gfx950,0.0,1361.91,735.34
gfx950,256,4096,19360,6144,False,torch.bfloat16,torch.bfloat16,False,False,torch,0,0,657.2339,native,0.0,1482.61,679.86
gfx950,256,8192,19360,6144,False,torch.bfloat16,torch.bfloat16,False,False,flydsl,1,1,1312.391,flydsl_hgemm_abf16_wbf16_bf16_t256x256x64x2_ks1_w2x4x1_bias0_ktail0_gm4_pht_gfx950,0.0,1484.95,499.66
gfx950,256,16384,19360,6144,False,torch.bfloat16,torch.bfloat16,False,False,flydsl,1,1,2569.6522,flydsl_hgemm_abf16_wbf16_bf16_t256x256x64x2_ks1_w2x4x1_bias0_ktail0_gm4_pht_gfx950,0.0,1516.81,417.8
gfx950,256,32768,19360,6144,False,torch.bfloat16,torch.bfloat16,False,False,torch,0,0,5249.4725,native,0.0,1484.98,363.72
gfx950,256,1,38720,6144,False,torch.bfloat16,torch.bfloat16,False,False,flydsl,95,1,84.4443,flydsl_hgemm_abf16_wbf16_bf16_t16x96x128x2_ks1_w1x2x1_bias0_ktail0_gm0_pft_gfx950,0.0,5.63,5635.44
gfx950,256,2,38720,6144,False,torch.bfloat16,torch.bfloat16,False,False,flydsl,95,1,86.0724,flydsl_hgemm_abf16_wbf16_bf16_t16x96x128x2_ks1_w1x2x1_bias0_ktail0_gm0_pft_gfx950,0.0,11.06,5529.89
gfx950,256,4,38720,6144,False,torch.bfloat16,torch.bfloat16,False,False,flydsl,96,1,84.5629,flydsl_hgemm_abf16_wbf16_bf16_t16x96x128x2_ks1_w1x2x2_bias0_ktail0_gm0_pft_gfx950,0.0058,22.51,5630.72
gfx950,256,8,38720,6144,False,torch.bfloat16,torch.bfloat16,False,False,flydsl,108,1,83.1704,flydsl_hgemm_abf16_wbf16_bf16_t16x96x64x5_ks1_w1x2x1_bias0_ktail0_gm0_pft_gfx950,0.0,45.77,5729.31
gfx950,256,16,38720,6144,False,torch.bfloat16,torch.bfloat16,False,False,triton,0,0,85.6283,auto,0.0,88.9,5573.24
gfx950,256,24,38720,6144,False,torch.bfloat16,torch.bfloat16,False,False,flydsl,297,1,84.9735,flydsl_hgemm_abf16_wbf16_bf16_t32x96x64x4_ks1_w1x2x1_bias0_ktail0_gm0_pft_gfx950,0.0,134.38,5624.63
gfx950,256,32,38720,6144,False,torch.bfloat16,torch.bfloat16,False,False,triton,0,0,90.6569,auto,0.0,167.94,5279.94
gfx950,256,48,38720,6144,False,torch.bfloat16,torch.bfloat16,False,False,flydsl,237,1,97.5186,flydsl_hgemm_abf16_wbf16_bf16_t48x96x128x2_ks1_w1x2x2_bias0_ktail0_gm0_pft_gfx950,0.0057,234.19,4923.15
gfx950,256,64,38720,6144,False,torch.bfloat16,torch.bfloat16,False,False,torch,0,0,98.3879,native,0.0,309.5,4894.24
gfx950,256,96,38720,6144,False,torch.bfloat16,torch.bfloat16,False,False,torch,0,0,98.3404,native,0.0,464.47,4925.8
gfx950,256,128,38720,6144,False,torch.bfloat16,torch.bfloat16,False,False,torch,0,0,109.8359,native,0.0,554.48,4436.41
gfx950,256,192,38720,6144,False,torch.bfloat16,torch.bfloat16,False,False,torch,0,0,123.4004,native,0.0,740.29,3995.28
gfx950,256,256,38720,6144,False,torch.bfloat16,torch.bfloat16,False,False,torch,0,0,127.7926,native,0.0,953.13,3902.9
gfx950,256,384,38720,6144,False,torch.bfloat16,torch.bfloat16,False,False,torch,0,0,185.8461,native,0.0,983.09,2745.53
gfx950,256,512,38720,6144,False,torch.bfloat16,torch.bfloat16,False,False,torch,0,0,226.5146,native,0.0,1075.45,2303.3
gfx950,256,768,38720,6144,False,torch.bfloat16,torch.bfloat16,False,False,flydsl,49,1,280.1061,flydsl_hgemm_abf16_wbf16_bf16_t256x256x64x2_ks1_w2x4x1_bias0_ktail0_gm4_pht_gfx950,0.0,1304.53,1944.63
gfx950,256,1024,38720,6144,False,torch.bfloat16,torch.bfloat16,False,False,flydsl,77,1,395.4026,flydsl_hgemm_abf16_wbf16_bf16_t256x256x64x2_ks1_w2x4x1_bias0_ktail0_gm4_pht_gfx950,0.0,1232.19,1435.68
gfx950,256,1536,38720,6144,False,torch.bfloat16,torch.bfloat16,False,False,flydsl,49,1,543.6542,flydsl_hgemm_abf16_wbf16_bf16_t256x256x64x2_ks1_w2x4x1_bias0_ktail0_gm4_pht_gfx950,0.0,1344.27,1128.68
gfx950,256,2048,38720,6144,False,torch.bfloat16,torch.bfloat16,False,False,flydsl,83,1,667.9189,flydsl_hgemm_abf16_wbf16_bf16_t256x256x64x2_ks1_w2x4x1_bias0_ktail0_gm4_pht_gfx950,0.0,1458.89,987.48
gfx950,256,3072,38720,6144,False,torch.bfloat16,torch.bfloat16,False,False,flydsl,77,1,1068.4863,flydsl_hgemm_abf16_wbf16_bf16_t256x256x64x2_ks1_w2x4x1_bias0_ktail0_gm4_pht_gfx950,0.0,1367.95,703.27
gfx950,256,4096,38720,6144,False,torch.bfloat16,torch.bfloat16,False,False,flydsl,1,1,1335.4891,flydsl_hgemm_abf16_wbf16_bf16_t256x256x64x2_ks1_w2x4x1_bias0_ktail0_gm4_pht_gfx950,0.0,1459.27,631.47
gfx950,256,8192,38720,6144,False,torch.bfloat16,torch.bfloat16,False,False,flydsl,1,1,2511.3293,flydsl_hgemm_abf16_wbf16_bf16_t256x256x64x2_ks1_w2x4x1_bias0_ktail0_gm4_pht_gfx950,0.0,1552.04,482.15
gfx950,256,16384,38720,6144,False,torch.bfloat16,torch.bfloat16,False,False,flydsl,1,1,5126.3039,flydsl_hgemm_abf16_wbf16_bf16_t256x256x64x2_ks1_w2x4x1_bias0_ktail0_gm4_pht_gfx950,0.0,1520.66,379.59
gfx950,256,32768,38720,6144,False,torch.bfloat16,torch.bfloat16,False,False,torch,0,0,10785.3798,native,0.0,1445.54,316.72
gfx950,256,128,128,6144,False,torch.bfloat16,torch.bfloat16,False,False,flydsl,1493,6,5.7863,flydsl_hgemm_abf16_wbf16_bf16_t16x32x128x7_ks6_w1x2x1_bias0_ktail0_gm0_pft_gfx950,0.0178,34.79,549.31
gfx950,256,16384,128,6144,False,torch.bfloat16,torch.bfloat16,False,False,torch,0,0,51.2562,native,0.0,502.76,4040.37
gfx950,256,16,128,6144,False,torch.bfloat16,torch.bfloat16,False,False,flydsl,336,8,4.225,flydsl_hgemm_abf16_wbf16_bf16_t16x32x128x5_ks8_w1x2x1_bias0_ktail0_gm0_pft_gfx950,0.0205,5.96,419.78
gfx950,256,1,128,6144,False,torch.bfloat16,torch.bfloat16,False,False,skinny,2,0,3.5864,sol2,0.0,0.44,442.06
gfx950,256,256,128,6144,False,torch.bfloat16,torch.bfloat16,False,False,flydsl,599,8,6.8755,flydsl_hgemm_abf16_wbf16_bf16_t128x32x64x4_ks8_w4x1x1_bias0_ktail0_gm0_pft_gfx950,0.0221,58.56,695.82
gfx950,256,2,128,6144,False,torch.bfloat16,torch.bfloat16,False,False,flydsl,374,8,4.1283,flydsl_hgemm_abf16_wbf16_bf16_t16x32x128x7_ks8_w1x2x1_bias0_ktail0_gm0_pft_gfx950,0.0156,0.76,387.07
gfx950,256,32,128,6144,False,torch.bfloat16,torch.bfloat16,False,False,flydsl,2401,8,4.5903,flydsl_hgemm_abf16_wbf16_bf16_t32x32x64x6_ks8_w2x2x1_bias0_ktail0_gm0_pft_gfx950,0.0173,10.96,430.1
gfx950,256,48,128,6144,False,torch.bfloat16,torch.bfloat16,False,False,flydsl,355,8,4.9776,flydsl_hgemm_abf16_wbf16_bf16_t16x32x128x6_ks8_w1x2x1_bias0_ktail0_gm0_pft_gfx950,0.019,15.17,436.95
gfx950,256,4,128,6144,False,torch.bfloat16,torch.bfloat16,False,False,flydsl,374,8,4.1889,flydsl_hgemm_abf16_wbf16_bf16_t16x32x128x7_ks8_w1x2x1_bias0_ktail0_gm0_pft_gfx950,0.0137,1.5,387.46
gfx950,256,64,128,6144,False,torch.bfloat16,torch.bfloat16,False,False,flydsl,2021,8,5.1298,flydsl_hgemm_abf16_wbf16_bf16_t32x32x128x6_ks8_w2x2x1_bias0_ktail0_gm0_pft_gfx950,0.0214,19.62,463.11
gfx950,256,8,128,6144,False,torch.bfloat16,torch.bfloat16,False,False,flydsl,355,8,4.2125,flydsl_hgemm_abf16_wbf16_bf16_t16x32x128x6_ks8_w1x2x1_bias0_ktail0_gm0_pft_gfx950,0.0186,2.99,397.2
gfx950,256,512,256,6144,False,torch.bfloat16,torch.bfloat16,False,False,flydsl,3318,4,11.2246,flydsl_hgemm_abf16_wbf16_bf16_t32x64x128x4_ks4_w2x2x1_bias0_ktail0_gm0_pft_gfx950,0.0132,143.49,864.11
gfx950,256,1024,256,6144,False,torch.bfloat16,torch.bfloat16,False,False,flydsl,5950,4,14.7865,flydsl_hgemm_abf16_wbf16_bf16_t64x64x64x6_ks4_w4x2x1_bias0_ktail0_gm0_pft_gfx950,0.0133,217.85,1099.17
gfx950,256,60,2624,6144,False,torch.bfloat16,torch.bfloat16,False,False,flydsl,5671,6,12.4688,flydsl_hgemm_abf16_wbf16_bf16_t64x64x64x6_ks6_w2x4x1_bias0_ktail0_gm0_pft_gfx950,0.0173,155.16,2670.33
gfx950,256,84,2624,6144,False,torch.bfloat16,torch.bfloat16,False,False,flydsl,6703,6,14.5864,flydsl_hgemm_abf16_wbf16_bf16_t96x64x64x5_ks6_w2x2x1_bias0_ktail0_gm0_pft_gfx950,0.0174,185.68,2311.52
gfx950,256,84,4096,2048,False,torch.bfloat16,torch.bfloat16,False,False,flydsl,2175,1,8.9181,flydsl_hgemm_abf16_wbf16_bf16_t48x32x128x5_ks1_w1x2x2_bias0_ktail0_gm4_pft_gfx950,0.0034,158.03,1997.0
gfx950,256,48,6144,2048,False,torch.bfloat16,torch.bfloat16,False,False,flydsl,1236,1,9.4211,flydsl_hgemm_abf16_wbf16_bf16_t32x64x64x6_ks1_w2x2x1_bias0_ktail0_gm0_pft_gfx950,0.0,128.22,2754.69
gfx950,256,60,6144,4096,False,torch.bfloat16,torch.bfloat16,False,False,flydsl,2906,4,15.7174,flydsl_hgemm_abf16_wbf16_bf16_t64x64x64x5_ks4_w4x1x1_bias0_ktail0_gm0_pft_gfx950,0.0116,192.14,3280.47
gfx950,256,84,6144,2048,False,torch.bfloat16,torch.bfloat16,False,False,flydsl,1459,1,10.7852,flydsl_hgemm_abf16_wbf16_bf16_t32x64x64x6_ks1_w1x2x1_bias0_ktail0_gm0_pft_gfx950,0.0,196.0,2460.97
gfx950,256,84,6144,4096,False,torch.bfloat16,torch.bfloat16,False,False,flydsl,3114,2,18.2948,flydsl_hgemm_abf16_wbf16_bf16_t64x96x64x7_ks2_w2x2x1_bias0_ktail0_gm0_pft_gfx950,0.0048,231.1,2845.18
gfx950,256,84,2048,2048,False,torch.bfloat16,torch.bfloat16,False,False,flydsl,1647,1,7.3219,flydsl_hgemm_abf16_wbf16_bf16_t32x32x128x6_ks1_w2x2x1_bias0_ktail0_gm0_pft_gfx950,0.0,96.24,1239.67
gfx950,256,24,2624,6144,False,torch.bfloat16,torch.bfloat16,False,False,flydsl,2387,6,9.8782,flydsl_hgemm_abf16_wbf16_bf16_t32x64x128x4_ks6_w2x2x1_bias0_ktail0_gm0_pft_gfx950,0.0176,78.34,3306.73
gfx950,256,60,4096,2048,False,torch.bfloat16,torch.bfloat16,False,False,flydsl,1121,1,7.722,flydsl_hgemm_abf16_wbf16_bf16_t32x32x64x8_ks1_w2x2x1_bias0_ktail0_gm4_pft_gfx950,0.0,130.36,2268.13
gfx950,256,12,6144,4096,False,torch.bfloat16,torch.bfloat16,False,False,flydsl,101,1,11.7476,flydsl_hgemm_abf16_wbf16_bf16_t16x16x128x7_ks1_w1x1x1_bias0_ktail0_gm4_pft_gfx950,0.0,51.41,4305.34
gfx950,256,24,6144,2048,False,torch.bfloat16,torch.bfloat16,False,False,triton,0,0,7.9939,auto,0.0,75.56,3197.32
gfx950,256,24,6144,4096,False,torch.bfloat16,torch.bfloat16,False,False,triton,0,0,12.4328,auto,0.0,97.16,4087.83
gfx950,256,84,7168,512,False,torch.bfloat16,torch.bfloat16,False,False,flydsl,2276,1,5.3725,flydsl_hgemm_abf16_wbf16_bf16_t64x64x64x4_ks1_w2x2x1_bias0_ktail0_gm0_pft_gfx950,0.0,114.76,1606.38
gfx950,256,48,2048,2048,False,torch.bfloat16,torch.bfloat16,False,False,flydsl,799,1,6.5523,flydsl_hgemm_abf16_wbf16_bf16_t32x16x128x8_ks1_w2x1x1_bias0_ktail0_gm4_pft_gfx950,0.0,61.45,1340.27
gfx950,256,60,2048,2048,False,torch.bfloat16,torch.bfloat16,False,False,flydsl,216,1,6.6582,flydsl_hgemm_abf16_wbf16_bf16_t16x32x128x8_ks1_w1x2x1_bias0_ktail0_gm0_pft_gfx950,0.0,75.59,1333.71
gfx950,256,12,2624,6144,False,torch.bfloat16,torch.bfloat16,False,False,flydsl,590,6,9.1737,flydsl_hgemm_abf16_wbf16_bf16_t16x64x128x3_ks6_w1x4x1_bias0_ktail0_gm0_pft_gfx950,0.0172,42.18,3537.74
gfx950,256,24,4096,2048,False,torch.bfloat16,torch.bfloat16,False,False,flydsl,837,1,6.7967,flydsl_hgemm_abf16_wbf16_bf16_t32x16x256x4_ks1_w2x1x1_bias0_ktail0_gm4_pft_gfx950,0.0,59.24,2511.83
gfx950,256,10,6144,4096,False,torch.bfloat16,torch.bfloat16,False,False,flydsl,121,1,11.4306,flydsl_hgemm_abf16_wbf16_bf16_t16x16x256x4_ks1_w1x1x1_bias0_ktail0_gm4_pft_gfx950,0.0,44.03,4421.15
gfx950,256,60,7168,512,False,torch.bfloat16,torch.bfloat16,False,False,flydsl,859,1,5.0455,flydsl_hgemm_abf16_wbf16_bf16_t32x64x64x6_ks1_w1x2x1_bias0_ktail0_gm0_pft_gfx950,0.0,87.29,1637.43
gfx950,256,84,256,6144,False,torch.bfloat16,torch.bfloat16,False,False,flydsl,3719,8,6.4787,flydsl_hgemm_abf16_wbf16_bf16_t32x32x64x7_ks8_w2x1x1_bias0_ktail0_gm0_pft_gfx950,0.019,40.79,651.51
gfx950,256,84,3584,512,False,torch.bfloat16,torch.bfloat16,False,False,flydsl,2205,1,4.388,flydsl_hgemm_abf16_wbf16_bf16_t64x32x64x6_ks1_w4x1x1_bias0_ktail0_gm0_pft_gfx950,0.0,70.26,993.2
gfx950,256,6,6144,4096,False,torch.bfloat16,torch.bfloat16,False,False,flydsl,121,1,11.048,flydsl_hgemm_abf16_wbf16_bf16_t16x16x256x4_ks1_w1x1x1_bias0_ktail0_gm4_pft_gfx950,0.0,27.33,4566.85
gfx950,256,12,6144,2048,False,torch.bfloat16,torch.bfloat16,False,False,flydsl,155,1,7.3133,flydsl_hgemm_abf16_wbf16_bf16_t16x16x64x8_ks1_w1x1x1_bias0_ktail0_gm4_pft_gfx950,0.0,41.29,3467.99
gfx950,256,24,2048,2048,False,torch.bfloat16,torch.bfloat16,False,False,flydsl,115,1,5.919,flydsl_hgemm_abf16_wbf16_bf16_t16x16x256x4_ks1_w1x1x1_bias0_ktail0_gm4_pft_gfx950,0.0,34.01,1450.45
gfx950,256,6,2624,6144,False,torch.bfloat16,torch.bfloat16,False,False,flydsl,909,6,8.8409,flydsl_hgemm_abf16_wbf16_bf16_t16x64x64x7_ks6_w1x2x1_bias0_ktail0_gm0_pft_gfx950,0.0169,21.88,3659.01
gfx950,256,60,3584,512,False,torch.bfloat16,torch.bfloat16,False,False,flydsl,675,1,4.0749,flydsl_hgemm_abf16_wbf16_bf16_t32x32x64x8_ks1_w2x1x1_bias0_ktail0_gm0_pft_gfx950,0.0,54.04,1021.26
gfx950,256,12,4096,2048,False,torch.bfloat16,torch.bfloat16,False,False,flydsl,117,1,5.8776,flydsl_hgemm_abf16_wbf16_bf16_t16x16x256x4_ks1_w1x1x2_bias0_ktail0_gm4_pft_gfx950,0.0035,34.25,2879.52
gfx950,256,10,6144,2048,False,torch.bfloat16,torch.bfloat16,False,False,triton,0,0,7.2968,auto,0.0,34.49,3471.34
gfx950,256,84,6144,6144,False,torch.bfloat16,torch.bfloat16,False,False,flydsl,4380,4,23.434,flydsl_hgemm_abf16_wbf16_bf16_t96x96x64x4_ks4_w2x2x1_bias0_ktail0_gm0_pft_gfx950,0.013,270.62,3309.8
gfx950,256,60,256,6144,False,torch.bfloat16,torch.bfloat16,False,False,flydsl,391,6,6.1554,flydsl_hgemm_abf16_wbf16_bf16_t16x32x128x8_ks6_w1x2x1_bias0_ktail0_gm0_pft_gfx950,0.0166,30.66,635.82
gfx950,256,84,3072,6144,False,torch.bfloat16,torch.bfloat16,False,False,flydsl,5741,4,15.8056,flydsl_hgemm_abf16_wbf16_bf16_t64x96x64x4_ks4_w2x2x1_bias0_ktail0_gm0_pft_gfx950,0.0128,200.62,2486.27
gfx950,256,48,3584,512,False,torch.bfloat16,torch.bfloat16,False,False,flydsl,686,1,4.0237,flydsl_hgemm_abf16_wbf16_bf16_t32x32x64x8_ks1_w2x1x1_bias0_ktail0_gm0_pft_gfx950,0.0,43.78,1009.82
gfx950,256,6,6144,2048,False,torch.bfloat16,torch.bfloat16,False,False,flydsl,91,1,7.215,flydsl_hgemm_abf16_wbf16_bf16_t16x16x128x6_ks1_w1x1x1_bias0_ktail0_gm4_pft_gfx950,0.0,20.93,3501.61
gfx950,256,84,6144,3072,False,torch.bfloat16,torch.bfloat16,False,False,flydsl,1794,1,14.7615,flydsl_hgemm_abf16_wbf16_bf16_t32x64x64x6_ks1_w1x2x1_bias0_ktail0_gm0_pft_gfx950,0.0,214.81,2662.13
gfx950,256,24,7168,512,False,torch.bfloat16,torch.bfloat16,False,False,triton,0,0,4.4184,auto,0.0,39.87,1744.67
gfx950,256,12,2048,2048,False,torch.bfloat16,torch.bfloat16,False,False,triton,0,0,5.5475,auto,0.0,18.15,1529.86
gfx950,256,14,2048,2048,False,torch.bfloat16,torch.bfloat16,False,False,flydsl,111,1,5.9461,flydsl_hgemm_abf16_wbf16_bf16_t16x16x256x4_ks1_w1x1x2_bias0_ktail0_gm0_pft_gfx950,0.0038,19.75,1430.06
gfx950,256,6,4096,2048,False,torch.bfloat16,torch.bfloat16,False,False,flydsl,117,1,5.7961,flydsl_hgemm_abf16_wbf16_bf16_t16x16x256x4_ks1_w1x1x2_bias0_ktail0_gm4_pft_gfx950,0.0037,17.37,2907.29
gfx950,256,14,7168,512,False,torch.bfloat16,torch.bfloat16,False,False,triton,0,0,4.0794,auto,0.0,25.19,1852.01
gfx950,256,60,3072,6144,False,torch.bfloat16,torch.bfloat16,False,False,flydsl,4610,4,13.8516,flydsl_hgemm_abf16_wbf16_bf16_t64x64x128x3_ks4_w2x4x1_bias0_ktail0_gm0_pft_gfx950,0.0128,163.51,2805.07
gfx950,256,24,3584,512,False,torch.bfloat16,torch.bfloat16,False,False,flydsl,167,1,3.8064,flydsl_hgemm_abf16_wbf16_bf16_t16x32x64x9_ks1_w1x2x1_bias0_ktail0_gm0_pft_gfx950,0.0,23.14,1015.82
gfx950,256,12,7168,512,False,torch.bfloat16,torch.bfloat16,False,False,flydsl,167,1,4.3802,flydsl_hgemm_abf16_wbf16_bf16_t16x32x64x9_ks1_w1x2x1_bias0_ktail0_gm0_pft_gfx950,0.0,20.11,1717.81
gfx950,256,10,2048,2048,False,torch.bfloat16,torch.bfloat16,False,False,flydsl,96,1,5.858,flydsl_hgemm_abf16_wbf16_bf16_t16x16x128x8_ks1_w1x1x1_bias0_ktail0_gm0_pft_gfx950,0.0,14.32,1445.98
gfx950,256,10,7168,512,False,torch.bfloat16,torch.bfloat16,False,False,triton,0,0,4.0459,auto,0.0,18.14,1852.15
gfx950,256,8,2048,2048,False,torch.bfloat16,torch.bfloat16,False,False,flydsl,347,4,5.9523,flydsl_hgemm_abf16_wbf16_bf16_t16x32x64x9_ks4_w1x2x1_bias0_ktail0_gm0_pft_gfx950,0.0092,11.27,1420.32
gfx950,256,48,3072,6144,False,torch.bfloat16,torch.bfloat16,False,False,flydsl,5644,4,12.8836,flydsl_hgemm_abf16_wbf16_bf16_t64x64x64x7_ks4_w4x2x1_bias0_ktail0_gm0_pft_gfx950,0.013,140.64,2998.66
gfx950,256,12,38720,6144,False,torch.bfloat16,torch.bfloat16,False,False,triton,0,0,83.3175,auto,0.0,68.53,5723.5
gfx950,256,14,3584,512,False,torch.bfloat16,torch.bfloat16,False,False,flydsl,73,1,3.8747,flydsl_hgemm_abf16_wbf16_bf16_t16x16x64x9_ks1_w1x1x1_bias0_ktail0_gm0_pft_gfx950,0.0,13.26,976.77
gfx950,256,84,6144,1536,False,torch.bfloat16,torch.bfloat16,False,False,flydsl,1751,1,9.2028,flydsl_hgemm_abf16_wbf16_bf16_t32x64x64x6_ks1_w1x2x1_bias0_ktail0_gm0_pft_gfx950,0.0,172.28,2191.14
gfx950,256,8,7168,512,False,torch.bfloat16,torch.bfloat16,False,False,flydsl,167,1,4.3329,flydsl_hgemm_abf16_wbf16_bf16_t16x32x64x9_ks1_w1x2x1_bias0_ktail0_gm0_pft_gfx950,0.0,13.55,1722.38
gfx950,256,10,38720,6144,False,torch.bfloat16,torch.bfloat16,False,False,triton,0,0,81.064,auto,0.0,58.69,5880.4
gfx950,256,12,3584,512,False,torch.bfloat16,torch.bfloat16,False,False,triton,0,0,3.8786,auto,0.0,11.35,971.57
gfx950,256,60,6144,1536,False,torch.bfloat16,torch.bfloat16,False,False,flydsl,2726,1,8.8106,flydsl_hgemm_abf16_wbf16_bf16_t64x32x128x4_ks1_w2x2x1_bias0_ktail0_gm0_pft_gfx950,0.0,128.53,2246.84
gfx950,256,10,3584,512,False,torch.bfloat16,torch.bfloat16,False,False,triton,0,0,3.3396,auto,0.0,10.99,1123.47
gfx950,256,12,256,6144,False,torch.bfloat16,torch.bfloat16,False,False,flydsl,342,8,4.9611,flydsl_hgemm_abf16_wbf16_bf16_t16x32x128x5_ks8_w1x2x1_bias0_ktail0_gm0_pft_gfx950,0.0189,7.61,665.04
gfx950,256,24,3072,6144,False,torch.bfloat16,torch.bfloat16,False,False,flydsl,2254,4,10.9995,flydsl_hgemm_abf16_wbf16_bf16_t32x64x128x4_ks4_w1x4x1_bias0_ktail0_gm0_pft_gfx950,0.0127,82.36,3472.08
gfx950,256,4,512,6144,False,torch.bfloat16,torch.bfloat16,False,False,flydsl,173,6,5.8066,flydsl_hgemm_abf16_wbf16_bf16_t16x16x128x9_ks6_w1x1x1_bias0_ktail0_gm0_pft_gfx950,0.0146,4.33,1092.67
gfx950,256,4,2048,2048,False,torch.bfloat16,torch.bfloat16,False,False,flydsl,345,4,5.9504,flydsl_hgemm_abf16_wbf16_bf16_t16x32x64x9_ks4_w1x1x1_bias0_ktail0_gm0_pft_gfx950,0.009,5.64,1415.26
gfx950,256,4,3072,6144,False,torch.bfloat16,torch.bfloat16,False,False,flydsl,593,4,10.0285,flydsl_hgemm_abf16_wbf16_bf16_t16x64x128x4_ks4_w1x2x1_bias0_ktail0_gm0_pft_gfx950,0.0112,15.06,3771.5
gfx950,256,48,6144,1536,False,torch.bfloat16,torch.bfloat16,False,False,flydsl,1846,1,8.08,flydsl_hgemm_abf16_wbf16_bf16_t48x32x128x5_ks1_w1x2x2_bias0_ktail0_gm0_pft_gfx950,0.0029,112.12,2427.18
gfx950,256,8,3584,512,False,torch.bfloat16,torch.bfloat16,False,False,triton,0,0,4.033,auto,0.0,7.28,926.25
gfx950,256,4,7168,512,False,torch.bfloat16,torch.bfloat16,False,False,flydsl,167,1,4.6154,flydsl_hgemm_abf16_wbf16_bf16_t16x32x64x9_ks1_w1x2x1_bias0_ktail0_gm0_pft_gfx950,0.0,6.36,1603.65
gfx950,256,10,19360,6144,False,torch.bfloat16,torch.bfloat16,False,False,triton,0,0,42.4135,auto,0.0,56.09,5620.99
gfx950,256,14,3072,6144,False,torch.bfloat16,torch.bfloat16,False,False,flydsl,625,4,10.2329,flydsl_hgemm_abf16_wbf16_bf16_t16x64x128x5_ks4_w1x4x1_bias0_ktail0_gm0_pft_gfx950,0.0123,51.65,3714.18
gfx950,256,12,3072,6144,False,torch.bfloat16,torch.bfloat16,False,False,flydsl,595,4,10.213,flydsl_hgemm_abf16_wbf16_bf16_t16x64x128x4_ks4_w1x4x1_bias0_ktail0_gm0_pft_gfx950,0.0126,44.35,3717.8
gfx950,256,2,2048,2048,False,torch.bfloat16,torch.bfloat16,False,False,triton,0,0,5.7403,auto,0.0,2.92,1464.21
gfx950,256,4,3584,512,False,torch.bfloat16,torch.bfloat16,False,False,flydsl,71,1,3.8519,flydsl_hgemm_abf16_wbf16_bf16_t16x16x64x8_ks1_w1x1x1_bias0_ktail0_gm0_pft_gfx950,0.0,3.81,961.29
gfx950,256,24,6144,1536,False,torch.bfloat16,torch.bfloat16,False,False,flydsl,1352,1,6.6325,flydsl_hgemm_abf16_wbf16_bf16_t32x32x64x9_ks1_w2x2x1_bias0_ktail0_gm0_pft_gfx950,0.0,68.3,2901.32
gfx950,256,10,3072,6144,False,torch.bfloat16,torch.bfloat16,False,False,flydsl,625,4,9.9892,flydsl_hgemm_abf16_wbf16_bf16_t16x64x128x5_ks4_w1x4x1_bias0_ktail0_gm0_pft_gfx950,0.0129,37.79,3797.41
gfx950,256,10,6144,3072,False,torch.bfloat16,torch.bfloat16,False,False,flydsl,241,1,8.8022,flydsl_hgemm_abf16_wbf16_bf16_t16x32x128x5_ks1_w1x2x1_bias0_ktail0_gm0_pft_gfx950,0.0,42.89,4309.5
gfx950,256,14,6144,1536,False,torch.bfloat16,torch.bfloat16,False,False,flydsl,223,1,6.0615,flydsl_hgemm_abf16_wbf16_bf16_t16x32x128x6_ks1_w1x2x1_bias0_ktail0_gm0_pft_gfx950,0.0,43.59,3149.29
gfx950,256,2,7168,512,False,torch.bfloat16,torch.bfloat16,False,False,flydsl,167,1,4.2871,flydsl_hgemm_abf16_wbf16_bf16_t16x32x64x9_ks1_w1x2x1_bias0_ktail0_gm0_pft_gfx950,0.0,3.42,1719.29
gfx950,256,1,2048,2048,False,torch.bfloat16,torch.bfloat16,False,False,flydsl,347,4,5.8591,flydsl_hgemm_abf16_wbf16_bf16_t16x32x64x9_ks4_w1x2x1_bias0_ktail0_gm0_pft_gfx950,0.0103,1.43,1433.12
gfx950,256,6,3072,6144,False,torch.bfloat16,torch.bfloat16,False,False,flydsl,623,4,9.9782,flydsl_hgemm_abf16_wbf16_bf16_t16x64x128x5_ks4_w1x2x1_bias0_ktail0_gm0_pft_gfx950,0.0129,22.7,3794.2
gfx950,256,12,6144,1536,False,torch.bfloat16,torch.bfloat16,False,False,flydsl,213,1,6.3916,flydsl_hgemm_abf16_wbf16_bf16_t16x32x128x5_ks1_w1x2x1_bias0_ktail0_gm0_pft_gfx950,0.0,35.44,2981.83
gfx950,256,2,3584,512,False,torch.bfloat16,torch.bfloat16,False,False,triton,0,0,3.4221,auto,0.0,2.14,1077.23
gfx950,256,8,6144,1536,False,torch.bfloat16,torch.bfloat16,False,False,flydsl,213,1,5.8346,flydsl_hgemm_abf16_wbf16_bf16_t16x32x128x5_ks1_w1x2x1_bias0_ktail0_gm0_pft_gfx950,0.0,25.88,3255.96
gfx950,256,10,6144,1536,False,torch.bfloat16,torch.bfloat16,False,False,flydsl,223,1,5.8739,flydsl_hgemm_abf16_wbf16_bf16_t16x32x128x6_ks1_w1x2x1_bias0_ktail0_gm0_pft_gfx950,0.0,32.13,3239.41
gfx950,256,1,3584,512,False,torch.bfloat16,torch.bfloat16,False,False,triton,0,0,3.3906,auto,0.0,1.08,1084.83
gfx950,256,1,6144,1536,False,torch.bfloat16,torch.bfloat16,False,False,flydsl,230,1,5.7665,flydsl_hgemm_abf16_wbf16_bf16_t16x32x128x7_ks1_w1x2x1_bias0_ktail0_gm0_pft_gfx950,0.0,3.27,3275.77
gfx950,256,2,6144,1536,False,torch.bfloat16,torch.bfloat16,False,False,flydsl,263,1,5.8986,flydsl_hgemm_abf16_wbf16_bf16_t16x32x256x4_ks1_w1x2x1_bias0_ktail0_gm0_pft_gfx950,0.0,6.4,3205.01
gfx950,256,4,6144,256,False,torch.bfloat16,torch.bfloat16,False,False,flydsl,82,1,3.9094,flydsl_hgemm_abf16_wbf16_bf16_t16x32x64x5_ks1_w1x2x1_bias0_ktail0_gm0_pft_gfx950,0.0,3.22,817.75
gfx950,256,4,6144,1536,False,torch.bfloat16,torch.bfloat16,False,False,flydsl,222,1,5.8762,flydsl_hgemm_abf16_wbf16_bf16_t16x32x128x6_ks1_w1x1x2_bias0_ktail0_gm0_pft_gfx950,0.0021,12.85,3222.46
gfx1250,192,1,12288,6144,False,torch.bfloat16,torch.bfloat16,False,False,opus,20197,6,53.3578,opus_gemm_gfx1250_splitk_clusterlaunch_tdm_ws_128x16x128x256_1x2_16x16x32_0x0x0_c1x3_p3w1,0.0104,2.83,2830.55
gfx1250,192,2,12288,6144,False,torch.bfloat16,torch.bfloat16,False,False,opus,20193,4,55.02,opus_gemm_gfx1250_splitk_clusterlaunch_tdm_ws_128x16x128x256_1x2_16x16x32_0x0x0_c1x2_p3w1,0.0086,5.49,2745.7
gfx1250,192,4,12288,6144,False,torch.bfloat16,torch.bfloat16,False,False,opus,20183,4,53.4189,opus_gemm_gfx1250_splitk_clusterlaunch_tdm_ws_128x16x128x128_1x2_16x16x32_0x0x0_c1x4_p3w2,0.0095,11.31,2829.38
gfx1250,192,8,12288,6144,False,torch.bfloat16,torch.bfloat16,False,False,opus,20183,4,57.7498,opus_gemm_gfx1250_splitk_clusterlaunch_tdm_ws_128x16x128x128_1x2_16x16x32_0x0x0_c1x4_p3w2,0.0093,20.92,2619.75
gfx1250,192,16,12288,6144,False,torch.bfloat16,torch.bfloat16,False,False,opus,20201,2,57.5156,opus_gemm_gfx1250_splitk_clusterlaunch_tdm_ws_128x16x128x256_1x2_16x16x32_0x0x0_c1x4_p3w1,0.0057,42.0,2635.54
gfx1250,192,32,12288,6144,False,torch.bfloat16,torch.bfloat16,False,False,opus,20212,4,67.7537,opus_gemm_gfx1250_splitk_clusterlaunch_tdm_ws_128x16x256x128_1x2_16x16x32_0x0x0_c2x2_p3w1,0.0093,71.31,2246.0
gfx1250,192,48,12288,6144,False,torch.bfloat16,torch.bfloat16,False,False,opus,20346,2,70.0708,opus_gemm_gfx1250_splitk_clusterlaunch_tdm_ws_128x32x256x128_2x1_16x16x32_0x0x0_c2x4_p3w1,0.0058,103.43,2180.14
gfx1250,192,64,12288,6144,False,torch.bfloat16,torch.bfloat16,False,False,opus,20338,2,73.5145,opus_gemm_gfx1250_splitk_clusterlaunch_tdm_ws_128x32x256x128_2x1_16x16x32_0x0x0_c2x2_p3w1,0.0057,131.45,2086.04
gfx1250,192,80,12288,6144,False,torch.bfloat16,torch.bfloat16,False,False,opus,20472,2,80.0151,opus_gemm_gfx1250_splitk_clusterlaunch_tdm_ws_128x64x256x128_2x1_16x16x32_0x0x0_c2x4_p3w1,0.0057,150.97,1923.94
gfx1250,192,96,12288,6144,False,torch.bfloat16,torch.bfloat16,False,False,opus,20471,2,73.7744,opus_gemm_gfx1250_splitk_clusterlaunch_tdm_ws_128x64x256x128_2x1_16x16x32_0x0x0_c1x4_p3w1,0.0057,196.48,2094.68
gfx1250,192,112,12288,6144,False,torch.bfloat16,torch.bfloat16,False,False,opus,20472,3,86.981,opus_gemm_gfx1250_splitk_clusterlaunch_tdm_ws_128x64x256x128_2x1_16x16x32_0x0x0_c2x4_p3w1,0.008,194.43,1783.42
gfx1250,192,128,12288,6144,False,torch.bfloat16,torch.bfloat16,False,False,opus,20471,2,78.37,opus_gemm_gfx1250_splitk_clusterlaunch_tdm_ws_128x64x256x128_2x1_16x16x32_0x0x0_c1x4_p3w1,0.0057,246.62,1986.9
gfx1250,192,144,12288,6144,False,torch.bfloat16,torch.bfloat16,False,False,opus,20461,1,101.2718,opus_gemm_gfx1250_splitk_clusterlaunch_tdm_ws_128x64x256x128_2x1_16x16x32_0x0x0_c3x1_p3w1,0.0,214.7,1543.4
gfx1250,192,160,12288,6144,False,torch.bfloat16,torch.bfloat16,False,False,opus,20467,1,122.3264,opus_gemm_gfx1250_splitk_clusterlaunch_tdm_ws_128x64x256x128_2x1_16x16x32_0x0x0_c1x3_p3w1,0.0,197.5,1282.58
gfx1250,192,176,12288,6144,False,torch.bfloat16,torch.bfloat16,False,False,opus,20461,0,94.8023,opus_gemm_gfx1250_splitk_clusterlaunch_tdm_ws_128x64x256x128_2x1_16x16x32_0x0x0_c3x1_p3w1,0.0,280.32,1661.17
gfx1250,192,192,12288,6144,False,torch.bfloat16,torch.bfloat16,False,False,opus,20022,1,110.6488,opus_gemm_gfx1250_splitk_cluster_tdm_ws_128x64x256x128_2x1_16x16x32_0x0x0_p3w1,0.0,262.01,1428.6
gfx1250,192,208,12288,6144,False,torch.bfloat16,torch.bfloat16,False,False,opus,20022,1,143.3678,opus_gemm_gfx1250_splitk_cluster_tdm_ws_128x64x256x128_2x1_16x16x32_0x0x0_p3w1,0.0,219.07,1106.68
gfx1250,192,224,12288,6144,False,torch.bfloat16,torch.bfloat16,False,False,opus,20554,1,143.7442,opus_gemm_gfx1250_splitk_clusterlaunch_tdm_ws_128x128x128x128_2x1_16x16x32_0x0x0_c2x2_p3w1,0.0,235.3,1107.89
gfx1250,192,240,12288,6144,False,torch.bfloat16,torch.bfloat16,False,False,opus,20448,1,121.8859,opus_gemm_gfx1250_splitk_clusterlaunch_tdm_ws_128x64x128x256_2x1_16x16x32_0x0x0_c4x2_p3w1,0.0,297.32,1311.41
gfx1250,192,256,12288,6144,False,torch.bfloat16,torch.bfloat16,False,False,opus,20020,1,142.8125,opus_gemm_gfx1250_splitk_cluster_tdm_ws_128x64x128x128_2x1_16x16x32_0x0x0_p3w1,0.0,270.67,1123.38
gfx1250,192,288,12288,6144,False,torch.bfloat16,torch.bfloat16,False,False,opus,20463,3,177.9385,opus_gemm_gfx1250_splitk_clusterlaunch_tdm_ws_128x64x256x128_2x1_16x16x32_0x0x0_c1x2_p3w1,0.008,244.39,908.25
gfx1250,192,320,12288,6144,False,torch.bfloat16,torch.bfloat16,False,False,opus,20467,3,171.2408,opus_gemm_gfx1250_splitk_clusterlaunch_tdm_ws_128x64x256x128_2x1_16x16x32_0x0x0_c1x3_p3w1,0.008,282.17,950.66
gfx1250,192,352,12288,6144,False,torch.bfloat16,torch.bfloat16,False,False,opus,20561,1,167.3843,opus_gemm_gfx1250_splitk_clusterlaunch_tdm_ws_128x128x128x128_2x1_16x16x32_0x0x0_c1x4_p3w1,0.0,317.53,979.61
gfx1250,192,384,12288,6144,False,torch.bfloat16,torch.bfloat16,False,False,opus,20026,1,170.5211,opus_gemm_gfx1250_splitk_cluster_tdm_ws_128x128x64x256_2x1_16x16x32_0x0x0_p3w1,0.0,340.03,968.51
gfx1250,192,416,12288,6144,False,torch.bfloat16,torch.bfloat16,False,False,opus,20027,1,162.6634,opus_gemm_gfx1250_splitk_cluster_tdm_ws_128x128x128x128_2x1_16x16x32_0x0x0_p3w1,0.0,386.16,1022.54
gfx1250,192,448,12288,6144,False,torch.bfloat16,torch.bfloat16,False,False,opus,20556,2,201.4437,opus_gemm_gfx1250_splitk_clusterlaunch_tdm_ws_128x128x128x128_2x1_16x16x32_0x0x0_c4x2_p3w1,0.0057,335.8,831.55
gfx1250,192,480,12288,6144,False,torch.bfloat16,torch.bfloat16,False,False,opus,20027,1,236.956,opus_gemm_gfx1250_splitk_cluster_tdm_ws_128x128x128x128_2x1_16x16x32_0x0x0_p3w1,0.0,305.87,711.9
gfx1250,192,512,12288,6144,False,torch.bfloat16,torch.bfloat16,False,False,opus,20027,1,236.6536,opus_gemm_gfx1250_splitk_cluster_tdm_ws_128x128x128x128_2x1_16x16x32_0x0x0_p3w1,0.0,326.68,717.8
gfx1250,192,1,128,6144,False,torch.bfloat16,torch.bfloat16,False,False,opus,20129,6,7.0953,opus_gemm_gfx1250_splitk_clusterlaunch_tdm_ws_128x16x32x256_1x2_16x16x32_0x0x0_c1x4_p3w2,0.0156,0.22,223.44
gfx1250,192,2,128,6144,False,torch.bfloat16,torch.bfloat16,False,False,opus,20001,7,7.2143,opus_gemm_gfx1250_splitk_cluster_tdm_ws_128x16x32x256_1x2_16x16x32_0x0x0_p3w2,0.0078,0.44,221.5
gfx1250,192,4,128,6144,False,torch.bfloat16,torch.bfloat16,False,False,opus,20121,6,7.4078,opus_gemm_gfx1250_splitk_clusterlaunch_tdm_ws_128x16x32x256_1x2_16x16x32_0x0x0_c1x2_p3w2,0.0098,0.85,219.1
gfx1250,192,8,128,6144,False,torch.bfloat16,torch.bfloat16,False,False,opus,20001,7,7.421,opus_gemm_gfx1250_splitk_cluster_tdm_ws_128x16x32x256_1x2_16x16x32_0x0x0_p3w2,0.0059,1.7,225.47
gfx1250,192,16,128,6144,False,torch.bfloat16,torch.bfloat16,False,False,opus,20129,10,7.5208,opus_gemm_gfx1250_splitk_clusterlaunch_tdm_ws_128x16x32x256_1x2_16x16x32_0x0x0_c1x4_p3w2,0.0073,3.35,235.82
gfx1250,192,32,128,6144,False,torch.bfloat16,torch.bfloat16,False,False,opus,20002,5,7.6311,opus_gemm_gfx1250_splitk_cluster_tdm_ws_128x16x32x512_1x2_16x16x32_0x0x0_p3w1,0.0073,6.6,258.71
gfx1250,192,48,128,6144,False,torch.bfloat16,torch.bfloat16,False,False,opus,20157,6,8.6286,opus_gemm_gfx1250_splitk_clusterlaunch_tdm_ws_128x16x64x256_1x2_16x16x32_0x0x0_c1x2_p3w2,0.0099,8.75,252.07
gfx1250,192,64,128,6144,False,torch.bfloat16,torch.bfloat16,False,False,opus,20244,7,9.346,opus_gemm_gfx1250_splitk_clusterlaunch_tdm_ws_128x32x32x256_2x1_16x16x32_0x0x0_c2x1_p3w2,0.0098,10.77,254.19
gfx1250,192,80,128,6144,False,torch.bfloat16,torch.bfloat16,False,False,opus,20011,5,10.1798,opus_gemm_gfx1250_splitk_cluster_tdm_ws_128x16x64x256_1x2_16x16x32_0x0x0_p3w1,0.0092,12.36,253.09
gfx1250,192,96,128,6144,False,torch.bfloat16,torch.bfloat16,False,False,opus,20245,4,10.7361,opus_gemm_gfx1250_splitk_clusterlaunch_tdm_ws_128x32x32x256_2x1_16x16x32_0x0x0_c3x1_p3w2,0.0082,14.06,258.67
gfx1250,192,112,128,6144,False,torch.bfloat16,torch.bfloat16,False,False,opus,20011,4,11.5912,opus_gemm_gfx1250_splitk_cluster_tdm_ws_128x16x64x256_1x2_16x16x32_0x0x0_p3w1,0.0084,15.2,256.9
gfx1250,192,128,128,6144,False,torch.bfloat16,torch.bfloat16,False,False,opus,20246,4,11.9716,opus_gemm_gfx1250_splitk_clusterlaunch_tdm_ws_128x32x32x256_2x1_16x16x32_0x0x0_c4x1_p3w2,0.0084,16.82,265.5
gfx1250,192,144,128,6144,False,torch.bfloat16,torch.bfloat16,False,False,opus,20155,4,12.7965,opus_gemm_gfx1250_splitk_clusterlaunch_tdm_ws_128x16x64x256_1x2_16x16x32_0x0x0_c3x1_p3w2,0.0084,17.7,264.07
gfx1250,192,160,128,6144,False,torch.bfloat16,torch.bfloat16,False,False,opus,20014,4,12.9235,opus_gemm_gfx1250_splitk_cluster_tdm_ws_128x32x32x256_2x1_16x16x32_0x0x0_p3w2,0.0085,19.47,277.01
gfx1250,192,176,128,6144,False,torch.bfloat16,torch.bfloat16,False,False,opus,20255,3,14.124,opus_gemm_gfx1250_splitk_clusterlaunch_tdm_ws_128x32x32x256_2x1_16x16x32_0x0x0_c1x4_p3w2,0.0081,19.6,267.67
gfx1250,192,192,128,6144,False,torch.bfloat16,torch.bfloat16,False,False,opus,20245,3,14.4465,opus_gemm_gfx1250_splitk_clusterlaunch_tdm_ws_128x32x32x256_2x1_16x16x32_0x0x0_c3x1_p3w2,0.0082,20.9,275.59
gfx1250,192,208,128,6144,False,torch.bfloat16,torch.bfloat16,False,False,opus,20014,3,15.1493,opus_gemm_gfx1250_splitk_cluster_tdm_ws_128x32x32x256_2x1_16x16x32_0x0x0_p3w2,0.0085,21.6,276.05
gfx1250,192,224,128,6144,False,torch.bfloat16,torch.bfloat16,False,False,opus,20157,3,16.1311,opus_gemm_gfx1250_splitk_clusterlaunch_tdm_ws_128x16x64x256_1x2_16x16x32_0x0x0_c1x2_p3w2,0.0085,21.84,271.69
gfx1250,192,240,128,6144,False,torch.bfloat16,torch.bfloat16,False,False,opus,20011,3,16.6367,opus_gemm_gfx1250_splitk_cluster_tdm_ws_128x16x64x256_1x2_16x16x32_0x0x0_p3w1,0.0085,22.69,275.5
gfx1250,192,256,128,6144,False,torch.bfloat16,torch.bfloat16,False,False,opus,20246,3,17.2126,opus_gemm_gfx1250_splitk_clusterlaunch_tdm_ws_128x32x32x256_2x1_16x16x32_0x0x0_c4x1_p3w2,0.0084,23.39,277.94
gfx1250,192,288,128,6144,False,torch.bfloat16,torch.bfloat16,False,False,opus,20155,3,18.17,opus_gemm_gfx1250_splitk_clusterlaunch_tdm_ws_128x16x64x256_1x2_16x16x32_0x0x0_c3x1_p3w2,0.008,24.93,285.39
gfx1250,192,320,128,6144,False,torch.bfloat16,torch.bfloat16,False,False,opus,20247,3,18.1541,opus_gemm_gfx1250_splitk_clusterlaunch_tdm_ws_128x32x32x256_2x1_16x16x32_0x0x0_c1x2_p3w2,0.0078,27.72,307.75
gfx1250,192,352,128,6144,False,torch.bfloat16,torch.bfloat16,False,False,opus,20247,3,19.3118,opus_gemm_gfx1250_splitk_clusterlaunch_tdm_ws_128x32x32x256_2x1_16x16x32_0x0x0_c1x2_p3w2,0.0077,28.67,310.09
gfx1250,192,384,128,6144,False,torch.bfloat16,torch.bfloat16,False,False,opus,20014,3,20.7922,opus_gemm_gfx1250_splitk_cluster_tdm_ws_128x32x32x256_2x1_16x16x32_0x0x0_p3w2,0.0077,29.05,307.32
gfx1250,192,416,128,6144,False,torch.bfloat16,torch.bfloat16,False,False,opus,20244,6,20.1569,opus_gemm_gfx1250_splitk_clusterlaunch_tdm_ws_128x32x32x256_2x1_16x16x32_0x0x0_c2x1_p3w2,0.0109,32.46,336.92
gfx1250,192,448,128,6144,False,torch.bfloat16,torch.bfloat16,False,False,opus,20244,9,20.1227,opus_gemm_gfx1250_splitk_clusterlaunch_tdm_ws_128x32x32x256_2x1_16x16x32_0x0x0_c2x1_p3w2,0.011,35.02,357.44
gfx1250,192,480,128,6144,False,torch.bfloat16,torch.bfloat16,False,False,opus,20247,6,20.9482,opus_gemm_gfx1250_splitk_clusterlaunch_tdm_ws_128x32x32x256_2x1_16x16x32_0x0x0_c1x2_p3w2,0.0108,36.04,362.51
gfx1250,192,512,128,6144,False,torch.bfloat16,torch.bfloat16,False,False,opus,20255,6,21.065,opus_gemm_gfx1250_splitk_clusterlaunch_tdm_ws_128x32x32x256_2x1_16x16x32_0x0x0_c1x4_p3w2,0.0108,38.23,379.56
gfx1250,192,1,256,6144,False,torch.bfloat16,torch.bfloat16,False,False,opus,20121,5,8.8708,opus_gemm_gfx1250_splitk_clusterlaunch_tdm_ws_128x16x32x256_1x2_16x16x32_0x0x0_c1x2_p3w2,0.0156,0.35,356.06
gfx1250,192,2,256,6144,False,torch.bfloat16,torch.bfloat16,False,False,opus,20002,4,8.2311,opus_gemm_gfx1250_splitk_cluster_tdm_ws_128x16x32x512_1x2_16x16x32_0x0x0_p3w1,0.0039,0.76,385.29
gfx1250,192,4,256,6144,False,torch.bfloat16,torch.bfloat16,False,False,opus,20002,5,7.4652,opus_gemm_gfx1250_splitk_cluster_tdm_ws_128x16x32x512_1x2_16x16x32_0x0x0_p3w1,0.0049,1.69,428.24
gfx1250,192,8,256,6144,False,torch.bfloat16,torch.bfloat16,False,False,opus,20002,3,8.2898,opus_gemm_gfx1250_splitk_cluster_tdm_ws_128x16x32x512_1x2_16x16x32_0x0x0_p3w1,0.0034,3.04,391.82
gfx1250,192,16,256,6144,False,torch.bfloat16,torch.bfloat16,False,False,opus,20002,5,7.5144,opus_gemm_gfx1250_splitk_cluster_tdm_ws_128x16x32x512_1x2_16x16x32_0x0x0_p3w1,0.0076,6.7,445.88
gfx1250,192,32,256,6144,False,torch.bfloat16,torch.bfloat16,False,False,opus,20014,6,9.333,opus_gemm_gfx1250_splitk_cluster_tdm_ws_128x32x32x256_2x1_16x16x32_0x0x0_p3w2,0.0094,10.79,380.94
gfx1250,192,48,256,6144,False,torch.bfloat16,torch.bfloat16,False,False,opus,20155,5,11.1178,opus_gemm_gfx1250_splitk_clusterlaunch_tdm_ws_128x16x64x256_1x2_16x16x32_0x0x0_c3x1_p3w2,0.0106,13.58,338.21
gfx1250,192,64,256,6144,False,torch.bfloat16,torch.bfloat16,False,False,opus,20014,4,11.9207,opus_gemm_gfx1250_splitk_cluster_tdm_ws_128x32x32x256_2x1_16x16x32_0x0x0_p3w2,0.0088,16.89,332.61
gfx1250,192,80,256,6144,False,torch.bfloat16,torch.bfloat16,False,False,opus,20157,5,14.1262,opus_gemm_gfx1250_splitk_clusterlaunch_tdm_ws_128x16x64x256_1x2_16x16x32_0x0x0_c1x2_p3w2,0.0101,17.81,295.18
gfx1250,192,96,256,6144,False,torch.bfloat16,torch.bfloat16,False,False,opus,20014,3,15.9379,opus_gemm_gfx1250_splitk_cluster_tdm_ws_128x32x32x256_2x1_16x16x32_0x0x0_p3w2,0.0084,18.95,274.47
gfx1250,192,112,256,6144,False,torch.bfloat16,torch.bfloat16,False,False,opus,20011,3,17.0122,opus_gemm_gfx1250_splitk_cluster_tdm_ws_128x16x64x256_1x2_16x16x32_0x0x0_p3w1,0.0083,20.71,269.18
gfx1250,192,128,256,6144,False,torch.bfloat16,torch.bfloat16,False,False,opus,20158,3,17.6283,opus_gemm_gfx1250_splitk_clusterlaunch_tdm_ws_128x16x64x256_1x2_16x16x32_0x0x0_c2x2_p3w2,0.0082,22.84,271.39
gfx1250,192,144,256,6144,False,torch.bfloat16,torch.bfloat16,False,False,opus,20155,3,17.7102,opus_gemm_gfx1250_splitk_clusterlaunch_tdm_ws_128x16x64x256_1x2_16x16x32_0x0x0_c3x1_p3w2,0.008,25.58,281.7
gfx1250,192,160,256,6144,False,torch.bfloat16,torch.bfloat16,False,False,opus,20157,3,18.9039,opus_gemm_gfx1250_splitk_clusterlaunch_tdm_ws_128x16x64x256_1x2_16x16x32_0x0x0_c1x2_p3w2,0.0083,26.63,274.74
gfx1250,192,176,256,6144,False,torch.bfloat16,torch.bfloat16,False,False,opus,20014,8,20.0278,opus_gemm_gfx1250_splitk_cluster_tdm_ws_128x32x32x256_2x1_16x16x32_0x0x0_p3w2,0.0112,27.64,269.55
gfx1250,192,192,256,6144,False,torch.bfloat16,torch.bfloat16,False,False,opus,20255,10,20.5969,opus_gemm_gfx1250_splitk_clusterlaunch_tdm_ws_128x32x32x256_2x1_16x16x32_0x0x0_c1x4_p3w2,0.0111,29.32,272.05
gfx1250,192,208,256,6144,False,torch.bfloat16,torch.bfloat16,False,False,opus,20247,6,20.573,opus_gemm_gfx1250_splitk_clusterlaunch_tdm_ws_128x32x32x256_2x1_16x16x32_0x0x0_c1x2_p3w2,0.0105,31.8,282.32
gfx1250,192,224,256,6144,False,torch.bfloat16,torch.bfloat16,False,False,opus,20247,6,20.7658,opus_gemm_gfx1250_splitk_clusterlaunch_tdm_ws_128x32x32x256_2x1_16x16x32_0x0x0_c1x2_p3w2,0.0106,33.93,289.56
gfx1250,192,240,256,6144,False,torch.bfloat16,torch.bfloat16,False,False,opus,20165,6,20.5937,opus_gemm_gfx1250_splitk_clusterlaunch_tdm_ws_128x16x64x256_1x2_16x16x32_0x0x0_c1x4_p3w2,0.0107,36.66,301.92
gfx1250,192,256,256,6144,False,torch.bfloat16,torch.bfloat16,False,False,opus,20246,7,20.6547,opus_gemm_gfx1250_splitk_clusterlaunch_tdm_ws_128x32x32x256_2x1_16x16x32_0x0x0_c4x1_p3w2,0.0106,38.99,310.95
gfx1250,192,288,256,6144,False,torch.bfloat16,torch.bfloat16,False,False,opus,20245,6,21.6919,opus_gemm_gfx1250_splitk_clusterlaunch_tdm_ws_128x32x32x256_2x1_16x16x32_0x0x0_c3x1_p3w2,0.0106,41.77,314.96
gfx1250,192,320,256,6144,False,torch.bfloat16,torch.bfloat16,False,False,opus,20244,6,21.172,opus_gemm_gfx1250_splitk_clusterlaunch_tdm_ws_128x32x32x256_2x1_16x16x32_0x0x0_c2x1_p3w2,0.0106,47.55,342.04
gfx1250,192,352,256,6144,False,torch.bfloat16,torch.bfloat16,False,False,opus,20247,3,25.5921,opus_gemm_gfx1250_splitk_clusterlaunch_tdm_ws_128x32x32x256_2x1_16x16x32_0x0x0_c1x2_p3w2,0.0079,43.27,298.97
gfx1250,192,384,256,6144,False,torch.bfloat16,torch.bfloat16,False,False,opus,20005,4,27.2897,opus_gemm_gfx1250_splitk_cluster_tdm_ws_128x32x32x128_2x1_16x16x32_0x0x0_p3w2,0.0091,44.26,295.38
gfx1250,192,416,256,6144,False,torch.bfloat16,torch.bfloat16,False,False,opus,20284,7,22.6342,opus_gemm_gfx1250_splitk_clusterlaunch_tdm_ws_128x32x64x256_2x1_16x16x32_0x0x0_c2x2_p3w2,0.0106,57.82,374.24
gfx1250,192,448,256,6144,False,torch.bfloat16,torch.bfloat16,False,False,opus,20283,7,22.3718,opus_gemm_gfx1250_splitk_clusterlaunch_tdm_ws_128x32x64x256_2x1_16x16x32_0x0x0_c1x2_p3w2,0.0106,62.99,396.93
gfx1250,192,480,256,6144,False,torch.bfloat16,torch.bfloat16,False,False,opus,20008,2,24.1719,opus_gemm_gfx1250_splitk_cluster_tdm_ws_128x32x64x256_2x1_16x16x32_0x0x0_p3w1,0.0057,62.47,384.32
gfx1250,192,512,256,6144,False,torch.bfloat16,torch.bfloat16,False,False,opus,20282,6,23.3863,opus_gemm_gfx1250_splitk_clusterlaunch_tdm_ws_128x32x64x256_2x1_16x16x32_0x0x0_c4x1_p3w2,0.0106,68.87,414.74
gfx1250,192,1,2624,6144,False,torch.bfloat16,torch.bfloat16,False,False,opus,20001,6,27.7154,opus_gemm_gfx1250_splitk_cluster_tdm_ws_128x16x32x256_1x2_16x16x32_0x0x0_p3w2,0.0126,1.16,1164.02
gfx1250,192,2,2624,6144,False,torch.bfloat16,torch.bfloat16,False,False,opus,20255,6,28.4805,opus_gemm_gfx1250_splitk_clusterlaunch_tdm_ws_128x32x32x256_2x1_16x16x32_0x0x0_c1x4_p3w2,0.0099,2.26,1133.36
gfx1250,192,4,2624,6144,False,torch.bfloat16,torch.bfloat16,False,False,opus,20125,6,29.0614,opus_gemm_gfx1250_splitk_clusterlaunch_tdm_ws_128x16x32x256_1x2_16x16x32_0x0x0_c1x3_p3w2,0.0101,4.44,1111.92
gfx1250,192,8,2624,6144,False,torch.bfloat16,torch.bfloat16,False,False,opus,20251,6,29.6864,opus_gemm_gfx1250_splitk_clusterlaunch_tdm_ws_128x32x32x256_2x1_16x16x32_0x0x0_c1x3_p3w2,0.0101,8.69,1090.87
gfx1250,192,16,2624,6144,False,torch.bfloat16,torch.bfloat16,False,False,opus,20125,6,30.5545,opus_gemm_gfx1250_splitk_clusterlaunch_tdm_ws_128x16x32x256_1x2_16x16x32_0x0x0_c1x3_p3w2,0.0104,16.88,1064.47
gfx1250,192,32,2624,6144,False,torch.bfloat16,torch.bfloat16,False,False,opus,20161,5,27.9918,opus_gemm_gfx1250_splitk_clusterlaunch_tdm_ws_128x16x64x256_1x2_16x16x32_0x0x0_c1x3_p3w2,0.01,36.86,1171.95
gfx1250,192,48,2624,6144,False,torch.bfloat16,torch.bfloat16,False,False,opus,20283,4,28.9186,opus_gemm_gfx1250_splitk_clusterlaunch_tdm_ws_128x32x64x256_2x1_16x16x32_0x0x0_c1x2_p3w2,0.009,53.52,1144.09
gfx1250,192,64,2624,6144,False,torch.bfloat16,torch.bfloat16,False,False,opus,20287,4,29.4253,opus_gemm_gfx1250_splitk_clusterlaunch_tdm_ws_128x32x64x256_2x1_16x16x32_0x0x0_c1x3_p3w2,0.009,70.13,1133.92
gfx1250,192,80,2624,6144,False,torch.bfloat16,torch.bfloat16,False,False,opus,20299,5,33.0352,opus_gemm_gfx1250_splitk_clusterlaunch_tdm_ws_128x32x128x128_2x1_16x16x32_0x0x0_c3x1_p3w2,0.0098,78.08,1018.51
gfx1250,192,96,2624,6144,False,torch.bfloat16,torch.bfloat16,False,False,opus,20395,6,34.3919,opus_gemm_gfx1250_splitk_clusterlaunch_tdm_ws_128x64x64x128_2x1_16x16x32_0x0x0_c1x3_p3w2,0.0103,90.0,986.49
gfx1250,192,112,2624,6144,False,torch.bfloat16,torch.bfloat16,False,False,opus,20010,6,35.4758,opus_gemm_gfx1250_splitk_cluster_tdm_ws_128x64x64x128_2x1_16x16x32_0x0x0_p3w2,0.0103,101.8,964.26
gfx1250,192,128,2624,6144,False,torch.bfloat16,torch.bfloat16,False,False,opus,20395,6,33.3362,opus_gemm_gfx1250_splitk_clusterlaunch_tdm_ws_128x64x64x128_2x1_16x16x32_0x0x0_c1x3_p3w2,0.0103,123.81,1034.56
gfx1250,192,144,2624,6144,False,torch.bfloat16,torch.bfloat16,False,False,opus,20395,4,39.6127,opus_gemm_gfx1250_splitk_clusterlaunch_tdm_ws_128x64x64x128_2x1_16x16x32_0x0x0_c1x3_p3w2,0.0091,117.21,877.72
gfx1250,192,160,2624,6144,False,torch.bfloat16,torch.bfloat16,False,False,opus,20389,4,42.0281,opus_gemm_gfx1250_splitk_clusterlaunch_tdm_ws_128x64x64x128_2x1_16x16x32_0x0x0_c3x1_p3w2,0.009,122.75,833.95
gfx1250,192,176,2624,6144,False,torch.bfloat16,torch.bfloat16,False,False,opus,20395,4,41.4551,opus_gemm_gfx1250_splitk_clusterlaunch_tdm_ws_128x64x64x128_2x1_16x16x32_0x0x0_c1x3_p3w2,0.009,136.89,852.25
gfx1250,192,192,2624,6144,False,torch.bfloat16,torch.bfloat16,False,False,opus,20395,3,41.9278,opus_gemm_gfx1250_splitk_clusterlaunch_tdm_ws_128x64x64x128_2x1_16x16x32_0x0x0_c1x3_p3w2,0.0081,147.65,849.33
gfx1250,192,208,2624,6144,False,torch.bfloat16,torch.bfloat16,False,False,opus,20395,3,45.5335,opus_gemm_gfx1250_splitk_clusterlaunch_tdm_ws_128x64x64x128_2x1_16x16x32_0x0x0_c1x3_p3w2,0.0081,147.29,788.24
gfx1250,192,224,2624,6144,False,torch.bfloat16,torch.bfloat16,False,False,opus,20390,2,48.2978,opus_gemm_gfx1250_splitk_clusterlaunch_tdm_ws_128x64x64x128_2x1_16x16x32_0x0x0_c4x1_p3w2,0.0057,149.54,748.93
gfx1250,192,240,2624,6144,False,torch.bfloat16,torch.bfloat16,False,False,opus,20395,2,48.7389,opus_gemm_gfx1250_splitk_clusterlaunch_tdm_ws_128x64x64x128_2x1_16x16x32_0x0x0_c1x3_p3w2,0.0057,158.77,747.91
gfx1250,192,256,2624,6144,False,torch.bfloat16,torch.bfloat16,False,False,opus,20010,3,49.2234,opus_gemm_gfx1250_splitk_cluster_tdm_ws_128x64x64x128_2x1_16x16x32_0x0x0_p3w2,0.0081,167.69,746.25
gfx1250,192,288,2624,6144,False,torch.bfloat16,torch.bfloat16,False,False,opus,20431,3,47.6832,opus_gemm_gfx1250_splitk_clusterlaunch_tdm_ws_128x64x128x128_2x1_16x16x32_0x0x0_c1x3_p3w2,0.008,194.75,782.12
gfx1250,192,320,2624,6144,False,torch.bfloat16,torch.bfloat16,False,False,opus,20553,2,46.9674,opus_gemm_gfx1250_splitk_clusterlaunch_tdm_ws_128x128x128x128_2x1_16x16x32_0x0x0_c1x2_p3w1,0.0057,219.68,805.99
gfx1250,192,352,2624,6144,False,torch.bfloat16,torch.bfloat16,False,False,opus,20027,2,46.1253,opus_gemm_gfx1250_splitk_cluster_tdm_ws_128x128x128x128_2x1_16x16x32_0x0x0_p3w1,0.0056,246.06,832.87
gfx1250,192,384,2624,6144,False,torch.bfloat16,torch.bfloat16,False,False,opus,20557,5,50.7533,opus_gemm_gfx1250_splitk_clusterlaunch_tdm_ws_128x128x128x128_2x1_16x16x32_0x0x0_c1x3_p3w1,0.0098,243.96,767.98
gfx1250,192,416,2624,6144,False,torch.bfloat16,torch.bfloat16,False,False,opus,20552,2,54.4359,opus_gemm_gfx1250_splitk_clusterlaunch_tdm_ws_128x128x128x128_2x1_16x16x32_0x0x0_c4x1_p3w1,0.0056,246.41,726.33
gfx1250,192,448,2624,6144,False,torch.bfloat16,torch.bfloat16,False,False,opus,20026,1,53.2233,opus_gemm_gfx1250_splitk_cluster_tdm_ws_128x128x64x256_2x1_16x16x32_0x0x0_p3w1,0.0,271.41,753.43
gfx1250,192,480,2624,6144,False,torch.bfloat16,torch.bfloat16,False,False,opus,20027,2,55.1703,opus_gemm_gfx1250_splitk_cluster_tdm_ws_128x128x128x128_2x1_16x16x32_0x0x0_p3w1,0.0056,280.53,737.01
gfx1250,192,512,2624,6144,False,torch.bfloat16,torch.bfloat16,False,False,opus,20557,2,56.4489,opus_gemm_gfx1250_splitk_clusterlaunch_tdm_ws_128x128x128x128_2x1_16x16x32_0x0x0_c1x3_p3w1,0.0056,292.46,730.26
gfx1250,192,1,32,6144,False,torch.bfloat16,torch.bfloat16,False,False,opus,20001,15,5.1143,opus_gemm_gfx1250_splitk_cluster_tdm_ws_128x16x32x256_1x2_16x16x32_0x0x0_p3w2,0.0,0.08,79.3
gfx1250,192,2,32,6144,False,torch.bfloat16,torch.bfloat16,False,False,opus,20001,14,5.3279,opus_gemm_gfx1250_splitk_cluster_tdm_ws_128x16x32x256_1x2_16x16x32_0x0x0_p3w2,0.0,0.15,78.44
gfx1250,192,4,32,6144,False,torch.bfloat16,torch.bfloat16,False,False,opus,20001,15,5.341,opus_gemm_gfx1250_splitk_cluster_tdm_ws_128x16x32x256_1x2_16x16x32_0x0x0_p3w2,0.0156,0.29,82.87
gfx1250,192,8,32,6144,False,torch.bfloat16,torch.bfloat16,False,False,opus,20001,14,5.3223,opus_gemm_gfx1250_splitk_cluster_tdm_ws_128x16x32x256_1x2_16x16x32_0x0x0_p3w2,0.0117,0.59,92.45
gfx1250,192,16,32,6144,False,torch.bfloat16,torch.bfloat16,False,False,opus,20001,15,5.3099,opus_gemm_gfx1250_splitk_cluster_tdm_ws_128x16x32x256_1x2_16x16x32_0x0x0_p3w2,0.0078,1.18,111.27
gfx1250,192,32,32,6144,False,torch.bfloat16,torch.bfloat16,False,False,opus,20001,13,6.2891,opus_gemm_gfx1250_splitk_cluster_tdm_ws_128x16x32x256_1x2_16x16x32_0x0x0_p3w2,0.0078,2.0,125.37
gfx1250,192,48,32,6144,False,torch.bfloat16,torch.bfloat16,False,False,opus,20002,9,6.0222,opus_gemm_gfx1250_splitk_cluster_tdm_ws_128x16x32x512_1x2_16x16x32_0x0x0_p3w1,0.0085,3.13,163.75
gfx1250,192,64,32,6144,False,torch.bfloat16,torch.bfloat16,False,False,opus,20002,7,6.4676,opus_gemm_gfx1250_splitk_cluster_tdm_ws_128x16x32x512_1x2_16x16x32_0x0x0_p3w1,0.0112,3.89,183.03
gfx1250,192,80,32,6144,False,torch.bfloat16,torch.bfloat16,False,False,opus,20001,6,7.9236,opus_gemm_gfx1250_splitk_cluster_tdm_ws_128x16x32x256_1x2_16x16x32_0x0x0_p3w2,0.0113,3.97,174.34
gfx1250,192,96,32,6144,False,torch.bfloat16,torch.bfloat16,False,False,opus,20002,4,7.1061,opus_gemm_gfx1250_splitk_cluster_tdm_ws_128x16x32x512_1x2_16x16x32_0x0x0_p3w1,0.0072,5.31,222.2
gfx1250,192,112,32,6144,False,torch.bfloat16,torch.bfloat16,False,False,opus,20002,5,7.6515,opus_gemm_gfx1250_splitk_cluster_tdm_ws_128x16x32x512_1x2_16x16x32_0x0x0_p3w1,0.0084,5.76,232.19
gfx1250,192,128,32,6144,False,torch.bfloat16,torch.bfloat16,False,False,opus,20002,4,7.8768,opus_gemm_gfx1250_splitk_cluster_tdm_ws_128x16x32x512_1x2_16x16x32_0x0x0_p3w1,0.0073,6.39,250.64
gfx1250,192,144,32,6144,False,torch.bfloat16,torch.bfloat16,False,False,opus,20002,3,8.3526,opus_gemm_gfx1250_splitk_cluster_tdm_ws_128x16x32x512_1x2_16x16x32_0x0x0_p3w1,0.0063,6.78,260.03
gfx1250,192,160,32,6144,False,torch.bfloat16,torch.bfloat16,False,False,opus,20002,5,8.5847,opus_gemm_gfx1250_splitk_cluster_tdm_ws_128x16x32x512_1x2_16x16x32_0x0x0_p3w1,0.0076,7.33,276.02
gfx1250,192,176,32,6144,False,torch.bfloat16,torch.bfloat16,False,False,opus,20002,3,8.7718,opus_gemm_gfx1250_splitk_cluster_tdm_ws_128x16x32x512_1x2_16x16x32_0x0x0_p3w1,0.0067,7.89,292.66
gfx1250,192,192,32,6144,False,torch.bfloat16,torch.bfloat16,False,False,opus,20002,5,9.2174,opus_gemm_gfx1250_splitk_cluster_tdm_ws_128x16x32x512_1x2_16x16x32_0x0x0_p3w1,0.0068,8.19,299.95
gfx1250,192,208,32,6144,False,torch.bfloat16,torch.bfloat16,False,False,opus,20002,3,9.4015,opus_gemm_gfx1250_splitk_cluster_tdm_ws_128x16x32x512_1x2_16x16x32_0x0x0_p3w1,0.0075,8.7,315.1
gfx1250,192,224,32,6144,False,torch.bfloat16,torch.bfloat16,False,False,opus,20002,4,9.35,opus_gemm_gfx1250_splitk_cluster_tdm_ws_128x16x32x512_1x2_16x16x32_0x0x0_p3w1,0.0078,9.42,337.97
gfx1250,192,240,32,6144,False,torch.bfloat16,torch.bfloat16,False,False,opus,20002,3,9.7337,opus_gemm_gfx1250_splitk_cluster_tdm_ws_128x16x32x512_1x2_16x16x32_0x0x0_p3w1,0.0078,9.7,344.96
gfx1250,192,256,32,6144,False,torch.bfloat16,torch.bfloat16,False,False,opus,20002,4,10.0043,opus_gemm_gfx1250_splitk_cluster_tdm_ws_128x16x32x512_1x2_16x16x32_0x0x0_p3w1,0.0082,10.06,355.38
gfx1250,192,288,32,6144,False,torch.bfloat16,torch.bfloat16,False,False,opus,20002,5,10.6739,opus_gemm_gfx1250_splitk_cluster_tdm_ws_128x16x32x512_1x2_16x16x32_0x0x0_p3w1,0.008,10.61,370.12
gfx1250,192,320,32,6144,False,torch.bfloat16,torch.bfloat16,False,False,opus,20002,3,11.2276,opus_gemm_gfx1250_splitk_cluster_tdm_ws_128x16x32x512_1x2_16x16x32_0x0x0_p3w1,0.0086,11.21,387.07
gfx1250,192,352,32,6144,False,torch.bfloat16,torch.bfloat16,False,False,opus,20002,3,12.4829,opus_gemm_gfx1250_splitk_cluster_tdm_ws_128x16x32x512_1x2_16x16x32_0x0x0_p3w1,0.0087,11.09,379.81
gfx1250,192,384,32,6144,False,torch.bfloat16,torch.bfloat16,False,False,opus,20002,3,11.8242,opus_gemm_gfx1250_splitk_cluster_tdm_ws_128x16x32x512_1x2_16x16x32_0x0x0_p3w1,0.0088,12.77,434.4
gfx1250,192,416,32,6144,False,torch.bfloat16,torch.bfloat16,False,False,opus,20002,3,13.4473,opus_gemm_gfx1250_splitk_cluster_tdm_ws_128x16x32x512_1x2_16x16x32_0x0x0_p3w1,0.0089,12.16,411.36
gfx1250,192,448,32,6144,False,torch.bfloat16,torch.bfloat16,False,False,opus,20002,3,13.8002,opus_gemm_gfx1250_splitk_cluster_tdm_ws_128x16x32x512_1x2_16x16x32_0x0x0_p3w1,0.0088,12.77,429.48
gfx1250,192,480,32,6144,False,torch.bfloat16,torch.bfloat16,False,False,opus,20002,2,14.8627,opus_gemm_gfx1250_splitk_cluster_tdm_ws_128x16x32x512_1x2_16x16x32_0x0x0_p3w1,0.0049,12.7,425.37
gfx1250,192,512,32,6144,False,torch.bfloat16,torch.bfloat16,False,False,opus,20002,3,15.0994,opus_gemm_gfx1250_splitk_cluster_tdm_ws_128x16x32x512_1x2_16x16x32_0x0x0_p3w1,0.0087,13.33,444.88
gfx1250,192,1,4096,2048,False,torch.bfloat16,torch.bfloat16,False,False,triton,0,0,25.4403,auto,0.0,0.66,659.96
gfx1250,192,2,4096,2048,False,torch.bfloat16,torch.bfloat16,False,False,triton,0,0,24.0701,auto,0.0,1.39,698.04
gfx1250,192,4,4096,2048,False,torch.bfloat16,torch.bfloat16,False,False,triton,0,0,24.184,auto,0.0,2.77,695.76
gfx1250,192,8,4096,2048,False,torch.bfloat16,torch.bfloat16,False,False,triton,0,0,24.3148,auto,0.0,5.52,694.04
gfx1250,192,16,4096,2048,False,torch.bfloat16,torch.bfloat16,False,False,triton,0,0,26.6516,auto,0.0,10.07,636.88
gfx1250,192,32,4096,2048,False,torch.bfloat16,torch.bfloat16,False,False,opus,20161,3,21.6569,opus_gemm_gfx1250_splitk_clusterlaunch_tdm_ws_128x16x64x256_1x2_16x16x32_0x0x0_c1x3_p3w2,0.0046,24.79,792.84
gfx1250,192,48,4096,2048,False,torch.bfloat16,torch.bfloat16,False,False,opus,20195,0,21.5383,opus_gemm_gfx1250_splitk_clusterlaunch_tdm_ws_128x16x128x256_1x2_16x16x32_0x0x0_c3x2_p3w1,0.0,37.39,806.33
gfx1250,192,64,4096,2048,False,torch.bfloat16,torch.bfloat16,False,False,opus,20284,3,24.4808,opus_gemm_gfx1250_splitk_clusterlaunch_tdm_ws_128x32x64x256_2x1_16x16x32_0x0x0_c2x2_p3w2,0.0045,43.86,717.45
gfx1250,192,80,4096,2048,False,torch.bfloat16,torch.bfloat16,False,False,opus,20317,1,22.1808,opus_gemm_gfx1250_splitk_clusterlaunch_tdm_ws_128x32x128x256_2x1_16x16x32_0x0x0_c3x1_p3w1,0.0,60.51,800.7
gfx1250,192,96,4096,2048,False,torch.bfloat16,torch.bfloat16,False,False,opus,20015,1,22.3681,opus_gemm_gfx1250_splitk_cluster_tdm_ws_128x32x128x256_2x1_16x16x32_0x0x0_p3w1,0.0,72.0,802.79
gfx1250,192,112,4096,2048,False,torch.bfloat16,torch.bfloat16,False,False,opus,20015,0,24.5632,opus_gemm_gfx1250_splitk_cluster_tdm_ws_128x32x128x256_2x1_16x16x32_0x0x0_p3w1,0.0,76.5,739.05
gfx1250,192,128,4096,2048,False,torch.bfloat16,torch.bfloat16,False,False,opus,20336,2,25.9102,opus_gemm_gfx1250_splitk_clusterlaunch_tdm_ws_128x32x256x128_2x1_16x16x32_0x0x0_c4x1_p3w1,0.0035,82.88,708.22
gfx1250,192,144,4096,2048,False,torch.bfloat16,torch.bfloat16,False,False,opus,20443,0,24.629,opus_gemm_gfx1250_splitk_clusterlaunch_tdm_ws_128x64x128x256_2x1_16x16x32_0x0x0_c3x1_p3w1,0.0,98.09,753.04
gfx1250,192,160,4096,2048,False,torch.bfloat16,torch.bfloat16,False,False,opus,20021,0,24.6916,opus_gemm_gfx1250_splitk_cluster_tdm_ws_128x64x128x256_2x1_16x16x32_0x0x0_p3w1,0.0,108.72,759.1
gfx1250,192,176,4096,2048,False,torch.bfloat16,torch.bfloat16,False,False,opus,20453,0,25.525,opus_gemm_gfx1250_splitk_clusterlaunch_tdm_ws_128x64x128x256_2x1_16x16x32_0x0x0_c1x4_p3w1,0.0,115.68,742.01
gfx1250,192,192,4096,2048,False,torch.bfloat16,torch.bfloat16,False,False,opus,20443,1,25.2559,opus_gemm_gfx1250_splitk_clusterlaunch_tdm_ws_128x64x128x256_2x1_16x16x32_0x0x0_c3x1_p3w1,0.0,127.54,757.7
gfx1250,192,208,4096,2048,False,torch.bfloat16,torch.bfloat16,False,False,opus,20021,1,27.5126,opus_gemm_gfx1250_splitk_cluster_tdm_ws_128x64x128x256_2x1_16x16x32_0x0x0_p3w1,0.0,126.84,702.7
gfx1250,192,224,4096,2048,False,torch.bfloat16,torch.bfloat16,False,False,opus,20453,0,27.2854,opus_gemm_gfx1250_splitk_clusterlaunch_tdm_ws_128x64x128x256_2x1_16x16x32_0x0x0_c1x4_p3w1,0.0,137.73,715.76
gfx1250,192,240,4096,2048,False,torch.bfloat16,torch.bfloat16,False,False,opus,20453,0,28.0127,opus_gemm_gfx1250_splitk_clusterlaunch_tdm_ws_128x64x128x256_2x1_16x16x32_0x0x0_c1x4_p3w1,0.0,143.74,704.19
gfx1250,192,256,4096,2048,False,torch.bfloat16,torch.bfloat16,False,False,opus,20553,1,28.5449,opus_gemm_gfx1250_splitk_clusterlaunch_tdm_ws_128x128x128x128_2x1_16x16x32_0x0x0_c1x2_p3w1,0.0,150.46,697.95
gfx1250,192,288,4096,2048,False,torch.bfloat16,torch.bfloat16,False,False,opus,20021,1,30.7356,opus_gemm_gfx1250_splitk_cluster_tdm_ws_128x64x128x256_2x1_16x16x32_0x0x0_p3w1,0.0,157.21,661.0
gfx1250,192,320,4096,2048,False,torch.bfloat16,torch.bfloat16,False,False,opus,20453,0,31.0591,opus_gemm_gfx1250_splitk_clusterlaunch_tdm_ws_128x64x128x256_2x1_16x16x32_0x0x0_c1x4_p3w1,0.0,172.85,666.77
gfx1250,192,352,4096,2048,False,torch.bfloat16,torch.bfloat16,False,False,opus,20027,0,33.7434,opus_gemm_gfx1250_splitk_cluster_tdm_ws_128x128x128x128_2x1_16x16x32_0x0x0_p3w1,0.0,175.01,625.38
gfx1250,192,384,4096,2048,False,torch.bfloat16,torch.bfloat16,False,False,opus,20551,0,34.7052,opus_gemm_gfx1250_splitk_clusterlaunch_tdm_ws_128x128x128x128_2x1_16x16x32_0x0x0_c3x1_p3w1,0.0,185.63,619.38
gfx1250,192,416,4096,2048,False,torch.bfloat16,torch.bfloat16,False,False,opus,20463,1,37.9834,opus_gemm_gfx1250_splitk_clusterlaunch_tdm_ws_128x64x256x128_2x1_16x16x32_0x0x0_c1x2_p3w1,0.0,183.75,576.28
gfx1250,192,448,4096,2048,False,torch.bfloat16,torch.bfloat16,False,False,opus,20027,0,35.9957,opus_gemm_gfx1250_splitk_cluster_tdm_ws_128x128x128x128_2x1_16x16x32_0x0x0_p3w1,0.0,208.81,619.03
gfx1250,192,480,4096,2048,False,torch.bfloat16,torch.bfloat16,False,False,opus,20561,1,37.4812,opus_gemm_gfx1250_splitk_clusterlaunch_tdm_ws_128x128x128x128_2x1_16x16x32_0x0x0_c1x4_p3w1,0.0,214.86,604.98
gfx1250,192,512,4096,2048,False,torch.bfloat16,torch.bfloat16,False,False,opus,20027,0,37.27,opus_gemm_gfx1250_splitk_cluster_tdm_ws_128x128x128x128_2x1_16x16x32_0x0x0_p3w1,0.0,230.48,618.96
gfx1250,192,1,6144,6144,False,torch.bfloat16,torch.bfloat16,False,False,opus,20291,4,36.6197,opus_gemm_gfx1250_splitk_clusterlaunch_tdm_ws_128x32x64x256_2x1_16x16x32_0x0x0_c1x4_p3w2,0.0091,2.06,2062.33
gfx1250,192,2,6144,6144,False,torch.bfloat16,torch.bfloat16,False,False,opus,20291,4,39.4611,opus_gemm_gfx1250_splitk_clusterlaunch_tdm_ws_128x32x64x256_2x1_16x16x32_0x0x0_c1x4_p3w2,0.0091,3.83,1914.46
gfx1250,192,4,6144,6144,False,torch.bfloat16,torch.bfloat16,False,False,opus,20291,4,38.9256,opus_gemm_gfx1250_splitk_clusterlaunch_tdm_ws_128x32x64x256_2x1_16x16x32_0x0x0_c1x4_p3w2,0.0101,7.76,1942.06
gfx1250,192,8,6144,6144,False,torch.bfloat16,torch.bfloat16,False,False,opus,20287,4,41.4939,opus_gemm_gfx1250_splitk_clusterlaunch_tdm_ws_128x32x64x256_2x1_16x16x32_0x0x0_c1x3_p3w2,0.0098,14.56,1824.22
gfx1250,192,16,6144,6144,False,torch.bfloat16,torch.bfloat16,False,False,opus,20287,4,45.9248,opus_gemm_gfx1250_splitk_clusterlaunch_tdm_ws_128x32x64x256_2x1_16x16x32_0x0x0_c1x3_p3w2,0.0095,26.3,1652.5
gfx1250,192,32,6144,6144,False,torch.bfloat16,torch.bfloat16,False,False,opus,20193,2,40.5037,opus_gemm_gfx1250_splitk_clusterlaunch_tdm_ws_128x16x128x256_1x2_16x16x32_0x0x0_c1x2_p3w1,0.0056,59.65,1883.38
gfx1250,192,48,6144,6144,False,torch.bfloat16,torch.bfloat16,False,False,opus,20309,4,44.0975,opus_gemm_gfx1250_splitk_clusterlaunch_tdm_ws_128x32x128x128_2x1_16x16x32_0x0x0_c1x4_p3w2,0.009,82.18,1738.81
gfx1250,192,64,6144,6144,False,torch.bfloat16,torch.bfloat16,False,False,opus,20302,4,43.5323,opus_gemm_gfx1250_splitk_clusterlaunch_tdm_ws_128x32x128x128_2x1_16x16x32_0x0x0_c2x2_p3w2,0.0091,110.99,1770.42
gfx1250,192,80,6144,6144,False,torch.bfloat16,torch.bfloat16,False,False,opus,20453,2,47.9302,opus_gemm_gfx1250_splitk_clusterlaunch_tdm_ws_128x64x128x256_2x1_16x16x32_0x0x0_c1x4_p3w1,0.0055,126.01,1616.17
gfx1250,192,96,6144,6144,False,torch.bfloat16,torch.bfloat16,False,False,opus,20435,3,47.1695,opus_gemm_gfx1250_splitk_clusterlaunch_tdm_ws_128x64x128x128_2x1_16x16x32_0x0x0_c1x4_p3w2,0.0079,153.65,1650.57
gfx1250,192,112,6144,6144,False,torch.bfloat16,torch.bfloat16,False,False,opus,20431,3,46.1691,opus_gemm_gfx1250_splitk_clusterlaunch_tdm_ws_128x64x128x128_2x1_16x16x32_0x0x0_c1x3_p3w2,0.008,183.15,1694.86
gfx1250,192,128,6144,6144,False,torch.bfloat16,torch.bfloat16,False,False,opus,20021,1,51.1092,opus_gemm_gfx1250_splitk_cluster_tdm_ws_128x64x128x256_2x1_16x16x32_0x0x0_p3w1,0.0,189.08,1538.73
gfx1250,192,144,6144,6144,False,torch.bfloat16,torch.bfloat16,False,False,opus,20443,1,53.0524,opus_gemm_gfx1250_splitk_clusterlaunch_tdm_ws_128x64x128x256_2x1_16x16x32_0x0x0_c3x1_p3w1,0.0,204.92,1489.78
gfx1250,192,160,6144,6144,False,torch.bfloat16,torch.bfloat16,False,False,opus,20465,2,56.9983,opus_gemm_gfx1250_splitk_clusterlaunch_tdm_ws_128x64x256x128_2x1_16x16x32_0x0x0_c3x2_p3w1,0.0056,211.93,1393.54
gfx1250,192,176,6144,6144,False,torch.bfloat16,torch.bfloat16,False,False,opus,20461,2,55.3588,opus_gemm_gfx1250_splitk_clusterlaunch_tdm_ws_128x64x256x128_2x1_16x16x32_0x0x0_c3x1_p3w1,0.0056,240.03,1441.92
gfx1250,192,192,6144,6144,False,torch.bfloat16,torch.bfloat16,False,False,opus,20467,2,62.0305,opus_gemm_gfx1250_splitk_clusterlaunch_tdm_ws_128x64x256x128_2x1_16x16x32_0x0x0_c1x3_p3w1,0.0057,233.68,1293.17
gfx1250,192,208,6144,6144,False,torch.bfloat16,torch.bfloat16,False,False,opus,20435,2,66.0203,opus_gemm_gfx1250_splitk_clusterlaunch_tdm_ws_128x64x128x128_2x1_16x16x32_0x0x0_c1x4_p3w2,0.0057,237.86,1220.98
gfx1250,192,224,6144,6144,False,torch.bfloat16,torch.bfloat16,False,False,opus,20472,2,69.3077,opus_gemm_gfx1250_splitk_clusterlaunch_tdm_ws_128x64x256x128_2x1_16x16x32_0x0x0_c2x4_p3w1,0.0057,244.01,1168.74
gfx1250,192,240,6144,6144,False,torch.bfloat16,torch.bfloat16,False,False,opus,20435,2,66.3685,opus_gemm_gfx1250_splitk_clusterlaunch_tdm_ws_128x64x128x128_2x1_16x16x32_0x0x0_c1x4_p3w2,0.0057,273.01,1226.42
gfx1250,192,256,6144,6144,False,torch.bfloat16,torch.bfloat16,False,False,opus,20471,2,63.8513,opus_gemm_gfx1250_splitk_clusterlaunch_tdm_ws_128x64x256x128_2x1_16x16x32_0x0x0_c1x4_p3w1,0.0057,302.69,1280.93
gfx1250,192,288,6144,6144,False,torch.bfloat16,torch.bfloat16,False,False,opus,20557,0,77.6938,opus_gemm_gfx1250_splitk_clusterlaunch_tdm_ws_128x128x128x128_2x1_16x16x32_0x0x0_c1x3_p3w1,0.0,279.86,1062.83
gfx1250,192,320,6144,6144,False,torch.bfloat16,torch.bfloat16,False,False,opus,20463,3,80.061,opus_gemm_gfx1250_splitk_clusterlaunch_tdm_ws_128x64x256x128_2x1_16x16x32_0x0x0_c1x2_p3w1,0.0079,301.76,1041.23
gfx1250,192,352,6144,6144,False,torch.bfloat16,torch.bfloat16,False,False,opus,20551,1,86.4896,opus_gemm_gfx1250_splitk_clusterlaunch_tdm_ws_128x128x128x128_2x1_16x16x32_0x0x0_c3x1_p3w1,0.0,307.26,972.93
gfx1250,192,384,6144,6144,False,torch.bfloat16,torch.bfloat16,False,False,opus,20551,4,102.0059,opus_gemm_gfx1250_splitk_clusterlaunch_tdm_ws_128x128x128x128_2x1_16x16x32_0x0x0_c3x1_p3w1,0.0092,284.21,832.64
gfx1250,192,416,6144,6144,False,torch.bfloat16,torch.bfloat16,False,False,opus,20449,0,110.679,opus_gemm_gfx1250_splitk_clusterlaunch_tdm_ws_128x64x128x256_2x1_16x16x32_0x0x0_c1x3_p3w1,0.0,283.77,774.5
gfx1250,192,448,6144,6144,False,torch.bfloat16,torch.bfloat16,False,False,opus,20431,1,105.9987,opus_gemm_gfx1250_splitk_clusterlaunch_tdm_ws_128x64x128x128_2x1_16x16x32_0x0x0_c1x3_p3w2,0.0,319.09,816.12
gfx1250,192,480,6144,6144,False,torch.bfloat16,torch.bfloat16,False,False,opus,20027,1,100.0854,opus_gemm_gfx1250_splitk_cluster_tdm_ws_128x128x128x128_2x1_16x16x32_0x0x0_p3w1,0.0,362.08,872.19
gfx1250,192,512,6144,6144,False,torch.bfloat16,torch.bfloat16,False,False,opus,20556,1,100.9202,opus_gemm_gfx1250_splitk_clusterlaunch_tdm_ws_128x128x128x128_2x1_16x16x32_0x0x0_c4x2_p3w1,0.0,383.02,872.77
gfx1250,192,1,6144,8192,False,torch.bfloat16,torch.bfloat16,False,False,opus,20283,4,45.2838,opus_gemm_gfx1250_splitk_clusterlaunch_tdm_ws_128x32x64x256_2x1_16x16x32_0x0x0_c1x2_p3w2,0.0099,2.22,2223.58
gfx1250,192,2,6144,8192,False,torch.bfloat16,torch.bfloat16,False,False,opus,20291,4,48.3505,opus_gemm_gfx1250_splitk_clusterlaunch_tdm_ws_128x32x64x256_2x1_16x16x32_0x0x0_c1x4_p3w2,0.0091,4.16,2083.14
gfx1250,192,4,6144,8192,False,torch.bfloat16,torch.bfloat16,False,False,opus,20291,4,47.9307,opus_gemm_gfx1250_splitk_clusterlaunch_tdm_ws_128x32x64x256_2x1_16x16x32_0x0x0_c1x4_p3w2,0.0093,8.4,2102.58
gfx1250,192,8,6144,8192,False,torch.bfloat16,torch.bfloat16,False,False,opus,20291,4,43.8564,opus_gemm_gfx1250_splitk_clusterlaunch_tdm_ws_128x32x64x256_2x1_16x16x32_0x0x0_c1x4_p3w2,0.0101,18.36,2300.52
gfx1250,192,16,6144,8192,False,torch.bfloat16,torch.bfloat16,False,False,opus,20283,4,53.8135,opus_gemm_gfx1250_splitk_clusterlaunch_tdm_ws_128x32x64x256_2x1_16x16x32_0x0x0_c1x2_p3w2,0.0099,29.93,1879.12
gfx1250,192,32,6144,8192,False,torch.bfloat16,torch.bfloat16,False,False,opus,20197,5,49.0021,opus_gemm_gfx1250_splitk_clusterlaunch_tdm_ws_128x16x128x256_1x2_16x16x32_0x0x0_c1x3_p3w1,0.0104,65.74,2072.99
gfx1250,192,48,6144,8192,False,torch.bfloat16,torch.bfloat16,False,False,opus,20302,4,50.5905,opus_gemm_gfx1250_splitk_clusterlaunch_tdm_ws_128x32x128x128_2x1_16x16x32_0x0x0_c2x2_p3w2,0.01,95.51,2016.97
gfx1250,192,64,6144,8192,False,torch.bfloat16,torch.bfloat16,False,False,opus,20319,2,54.1791,opus_gemm_gfx1250_splitk_clusterlaunch_tdm_ws_128x32x128x256_2x1_16x16x32_0x0x0_c1x2_p3w1,0.0061,118.91,1891.84
gfx1250,192,80,6144,8192,False,torch.bfloat16,torch.bfloat16,False,False,opus,20431,3,59.4251,opus_gemm_gfx1250_splitk_clusterlaunch_tdm_ws_128x64x128x128_2x1_16x16x32_0x0x0_c1x3_p3w2,0.0087,135.52,1732.55
gfx1250,192,96,6144,8192,False,torch.bfloat16,torch.bfloat16,False,False,opus,20428,3,57.7076,opus_gemm_gfx1250_splitk_clusterlaunch_tdm_ws_128x64x128x128_2x1_16x16x32_0x0x0_c2x2_p3w2,0.0087,167.46,1792.07
gfx1250,192,112,6144,8192,False,torch.bfloat16,torch.bfloat16,False,False,opus,20446,4,59.9956,opus_gemm_gfx1250_splitk_clusterlaunch_tdm_ws_128x64x128x256_2x1_16x16x32_0x0x0_c2x2_p3w1,0.0101,187.92,1731.37
gfx1250,192,128,6144,8192,False,torch.bfloat16,torch.bfloat16,False,False,opus,20021,2,62.1935,opus_gemm_gfx1250_splitk_cluster_tdm_ws_128x64x128x256_2x1_16x16x32_0x0x0_p3w1,0.0061,207.17,1677.56
gfx1250,192,144,6144,8192,False,torch.bfloat16,torch.bfloat16,False,False,opus,20022,5,80.1575,opus_gemm_gfx1250_splitk_cluster_tdm_ws_128x64x256x128_2x1_16x16x32_0x0x0_p3w1,0.0107,180.84,1307.33
gfx1250,192,160,6144,8192,False,torch.bfloat16,torch.bfloat16,False,False,opus,20449,0,72.9054,opus_gemm_gfx1250_splitk_clusterlaunch_tdm_ws_128x64x128x256_2x1_16x16x32_0x0x0_c1x3_p3w1,0.0,220.92,1443.66
gfx1250,192,176,6144,8192,False,torch.bfloat16,torch.bfloat16,False,False,opus,20461,4,73.9592,opus_gemm_gfx1250_splitk_clusterlaunch_tdm_ws_128x64x256x128_2x1_16x16x32_0x0x0_c3x1_p3w1,0.0101,239.55,1429.3
gfx1250,192,192,6144,8192,False,torch.bfloat16,torch.bfloat16,False,False,opus,20429,2,71.7188,opus_gemm_gfx1250_splitk_clusterlaunch_tdm_ws_128x64x128x128_2x1_16x16x32_0x0x0_c3x2_p3w2,0.0062,269.49,1480.34
gfx1250,192,208,6144,8192,False,torch.bfloat16,torch.bfloat16,False,False,opus,20453,3,91.719,opus_gemm_gfx1250_splitk_clusterlaunch_tdm_ws_128x64x128x256_2x1_16x16x32_0x0x0_c1x4_p3w1,0.0088,228.28,1162.54
gfx1250,192,224,6144,8192,False,torch.bfloat16,torch.bfloat16,False,False,opus,20466,2,88.4801,opus_gemm_gfx1250_splitk_clusterlaunch_tdm_ws_128x64x256x128_2x1_16x16x32_0x0x0_c4x2_p3w1,0.0062,254.84,1210.28
gfx1250,192,240,6144,8192,False,torch.bfloat16,torch.bfloat16,False,False,opus,20022,2,85.7393,opus_gemm_gfx1250_splitk_cluster_tdm_ws_128x64x256x128_2x1_16x16x32_0x0x0_p3w1,0.0062,281.77,1254.32
gfx1250,192,256,6144,8192,False,torch.bfloat16,torch.bfloat16,False,False,opus,20554,2,80.4936,opus_gemm_gfx1250_splitk_clusterlaunch_tdm_ws_128x128x128x128_2x1_16x16x32_0x0x0_c2x2_p3w1,0.0062,320.15,1341.76
gfx1250,192,288,6144,8192,False,torch.bfloat16,torch.bfloat16,False,False,opus,20533,0,120.3681,opus_gemm_gfx1250_splitk_clusterlaunch_tdm_ws_128x128x64x256_2x1_16x16x32_0x0x0_c3x1_p3w1,0.0,240.85,904.9
gfx1250,192,320,6144,8192,False,torch.bfloat16,torch.bfloat16,False,False,opus,20022,0,124.8743,opus_gemm_gfx1250_splitk_cluster_tdm_ws_128x64x256x128_2x1_16x16x32_0x0x0_p3w1,0.0,257.96,879.59
gfx1250,192,352,6144,8192,False,torch.bfloat16,torch.bfloat16,False,False,opus,20551,2,117.2027,opus_gemm_gfx1250_splitk_clusterlaunch_tdm_ws_128x128x128x128_2x1_16x16x32_0x0x0_c3x1_p3w1,0.0062,302.33,944.99
gfx1250,192,384,6144,8192,False,torch.bfloat16,torch.bfloat16,False,False,opus,20555,2,133.3827,opus_gemm_gfx1250_splitk_clusterlaunch_tdm_ws_128x128x128x128_2x1_16x16x32_0x0x0_c3x2_p3w1,0.0062,289.8,837.24
gfx1250,192,416,6144,8192,False,torch.bfloat16,torch.bfloat16,False,False,opus,20431,1,135.1353,opus_gemm_gfx1250_splitk_clusterlaunch_tdm_ws_128x64x128x128_2x1_16x16x32_0x0x0_c1x3_p3w2,0.0,309.88,833.17
gfx1250,192,448,6144,8192,False,torch.bfloat16,torch.bfloat16,False,False,opus,20027,1,155.242,opus_gemm_gfx1250_splitk_cluster_tdm_ws_128x128x128x128_2x1_16x16x32_0x0x0_p3w1,0.0,290.5,731.17
gfx1250,192,480,6144,8192,False,torch.bfloat16,torch.bfloat16,False,False,opus,20538,1,155.2328,opus_gemm_gfx1250_splitk_clusterlaunch_tdm_ws_128x128x64x256_2x1_16x16x32_0x0x0_c4x2_p3w1,0.0,311.26,737.12
gfx1250,192,512,6144,8192,False,torch.bfloat16,torch.bfloat16,False,False,opus,20561,1,156.1633,opus_gemm_gfx1250_splitk_clusterlaunch_tdm_ws_128x128x128x128_2x1_16x16x32_0x0x0_c1x4_p3w1,0.0,330.04,738.61
gfx1250,192,1,8192,2048,False,torch.bfloat16,torch.bfloat16,False,False,opus,20291,3,29.7642,opus_gemm_gfx1250_splitk_clusterlaunch_tdm_ws_128x32x64x256_2x1_16x16x32_0x0x0_c1x4_p3w2,0.004,1.13,1128.03
gfx1250,192,2,8192,2048,False,torch.bfloat16,torch.bfloat16,False,False,opus,20291,3,30.2282,opus_gemm_gfx1250_splitk_clusterlaunch_tdm_ws_128x32x64x256_2x1_16x16x32_0x0x0_c1x4_p3w2,0.0043,2.22,1111.39
gfx1250,192,4,8192,2048,False,torch.bfloat16,torch.bfloat16,False,False,opus,20161,3,29.3869,opus_gemm_gfx1250_splitk_clusterlaunch_tdm_ws_128x16x64x256_1x2_16x16x32_0x0x0_c1x3_p3w2,0.0049,4.57,1144.6
gfx1250,192,8,8192,2048,False,torch.bfloat16,torch.bfloat16,False,False,triton,0,0,30.7814,auto,0.0,8.72,1095.41
gfx1250,192,16,8192,2048,False,torch.bfloat16,torch.bfloat16,False,False,triton,0,0,30.9003,auto,0.0,17.37,1096.5
gfx1250,192,32,8192,2048,False,torch.bfloat16,torch.bfloat16,False,False,opus,20197,1,26.413,opus_gemm_gfx1250_splitk_clusterlaunch_tdm_ws_128x16x128x256_1x2_16x16x32_0x0x0_c1x3_p3w1,0.0,40.65,1295.19
gfx1250,192,48,8192,2048,False,torch.bfloat16,torch.bfloat16,False,False,opus,20309,3,27.1568,opus_gemm_gfx1250_splitk_clusterlaunch_tdm_ws_128x32x128x128_2x1_16x16x32_0x0x0_c1x4_p3w2,0.0047,59.31,1271.78
gfx1250,192,64,8192,2048,False,torch.bfloat16,torch.bfloat16,False,False,opus,20338,2,27.1679,opus_gemm_gfx1250_splitk_clusterlaunch_tdm_ws_128x32x256x128_2x1_16x16x32_0x0x0_c2x2_p3w1,0.0035,79.04,1283.32
gfx1250,192,80,8192,2048,False,torch.bfloat16,torch.bfloat16,False,False,opus,20021,0,29.1774,opus_gemm_gfx1250_splitk_cluster_tdm_ws_128x64x128x256_2x1_16x16x32_0x0x0_p3w1,0.0,92.0,1206.17
gfx1250,192,96,8192,2048,False,torch.bfloat16,torch.bfloat16,False,False,opus,20021,1,29.6818,opus_gemm_gfx1250_splitk_cluster_tdm_ws_128x64x128x256_2x1_16x16x32_0x0x0_p3w1,0.0,108.53,1196.71
gfx1250,192,112,8192,2048,False,torch.bfloat16,torch.bfloat16,False,False,opus,20449,0,29.9493,opus_gemm_gfx1250_splitk_clusterlaunch_tdm_ws_128x64x128x256_2x1_16x16x32_0x0x0_c1x3_p3w1,0.0,125.48,1196.96
gfx1250,192,128,8192,2048,False,torch.bfloat16,torch.bfloat16,False,False,opus,20463,2,29.1629,opus_gemm_gfx1250_splitk_clusterlaunch_tdm_ws_128x64x256x128_2x1_16x16x32_0x0x0_c1x2_p3w1,0.0034,147.28,1240.48
gfx1250,192,144,8192,2048,False,torch.bfloat16,torch.bfloat16,False,False,opus,20022,0,35.2279,opus_gemm_gfx1250_splitk_cluster_tdm_ws_128x64x256x128_2x1_16x16x32_0x0x0_p3w1,0.0,137.16,1036.21
gfx1250,192,160,8192,2048,False,torch.bfloat16,torch.bfloat16,False,False,opus,20471,1,35.5384,opus_gemm_gfx1250_splitk_clusterlaunch_tdm_ws_128x64x256x128_2x1_16x16x32_0x0x0_c1x4_p3w1,0.0,151.07,1036.38
gfx1250,192,176,8192,2048,False,torch.bfloat16,torch.bfloat16,False,False,opus,20461,1,35.4687,opus_gemm_gfx1250_splitk_clusterlaunch_tdm_ws_128x64x256x128_2x1_16x16x32_0x0x0_c3x1_p3w1,0.0,166.5,1047.65
gfx1250,192,192,8192,2048,False,torch.bfloat16,torch.bfloat16,False,False,opus,20022,0,35.4931,opus_gemm_gfx1250_splitk_cluster_tdm_ws_128x64x256x128_2x1_16x16x32_0x0x0_p3w1,0.0,181.51,1056.17
gfx1250,192,208,8192,2048,False,torch.bfloat16,torch.bfloat16,False,False,opus,20022,0,39.633,opus_gemm_gfx1250_splitk_cluster_tdm_ws_128x64x256x128_2x1_16x16x32_0x0x0_p3w1,0.0,176.1,954.11
gfx1250,192,224,8192,2048,False,torch.bfloat16,torch.bfloat16,False,False,opus,20561,0,39.6056,opus_gemm_gfx1250_splitk_clusterlaunch_tdm_ws_128x128x128x128_2x1_16x16x32_0x0x0_c1x4_p3w1,0.0,189.78,963.04
gfx1250,192,240,8192,2048,False,torch.bfloat16,torch.bfloat16,False,False,opus,20561,0,39.772,opus_gemm_gfx1250_splitk_clusterlaunch_tdm_ws_128x128x128x128_2x1_16x16x32_0x0x0_c1x4_p3w1,0.0,202.48,967.25
gfx1250,192,256,8192,2048,False,torch.bfloat16,torch.bfloat16,False,False,opus,20557,0,41.4162,opus_gemm_gfx1250_splitk_clusterlaunch_tdm_ws_128x128x128x128_2x1_16x16x32_0x0x0_c1x3_p3w1,0.0,207.41,936.77
gfx1250,192,288,8192,2048,False,torch.bfloat16,torch.bfloat16,False,False,opus,20022,1,43.8232,opus_gemm_gfx1250_splitk_cluster_tdm_ws_128x64x256x128_2x1_16x16x32_0x0x0_p3w1,0.0,220.52,900.27
gfx1250,192,320,8192,2048,False,torch.bfloat16,torch.bfloat16,False,False,opus,20561,1,46.7452,opus_gemm_gfx1250_splitk_clusterlaunch_tdm_ws_128x128x128x128_2x1_16x16x32_0x0x0_c1x4_p3w1,0.0,229.7,858.01
gfx1250,192,352,8192,2048,False,torch.bfloat16,torch.bfloat16,False,False,opus,20557,0,53.3404,opus_gemm_gfx1250_splitk_clusterlaunch_tdm_ws_128x128x128x128_2x1_16x16x32_0x0x0_c1x3_p3w1,0.0,221.43,764.21
gfx1250,192,384,8192,2048,False,torch.bfloat16,torch.bfloat16,False,False,opus,20561,1,49.4803,opus_gemm_gfx1250_splitk_clusterlaunch_tdm_ws_128x128x128x128_2x1_16x16x32_0x0x0_c1x4_p3w1,0.0,260.4,837.08
gfx1250,192,416,8192,2048,False,torch.bfloat16,torch.bfloat16,False,False,opus,20027,1,59.4098,opus_gemm_gfx1250_splitk_cluster_tdm_ws_128x128x128x128_2x1_16x16x32_0x0x0_p3w1,0.0,234.96,708.2
gfx1250,192,448,8192,2048,False,torch.bfloat16,torch.bfloat16,False,False,opus,20445,0,62.8106,opus_gemm_gfx1250_splitk_clusterlaunch_tdm_ws_128x64x128x256_2x1_16x16x32_0x0x0_c1x2_p3w1,0.0,239.33,680.29
gfx1250,192,480,8192,2048,False,torch.bfloat16,torch.bfloat16,False,False,opus,20561,0,62.4045,opus_gemm_gfx1250_splitk_clusterlaunch_tdm_ws_128x128x128x128_2x1_16x16x32_0x0x0_c1x4_p3w1,0.0,258.09,695.22
gfx1250,192,512,8192,2048,False,torch.bfloat16,torch.bfloat16,False,False,opus,20561,0,62.8702,opus_gemm_gfx1250_splitk_clusterlaunch_tdm_ws_128x128x128x128_2x1_16x16x32_0x0x0_c1x4_p3w1,0.0,273.26,700.49
gfx1250,192,1024,12288,6144,False,torch.bfloat16,torch.bfloat16,False,False,opus,20022,1,390.842,opus_gemm_gfx1250_splitk_cluster_tdm_ws_128x64x256x128_2x1_16x16x32_0x0x0_p3w1,0.0,395.6,482.92
gfx1250,192,2048,12288,6144,False,torch.bfloat16,torch.bfloat16,False,False,opus,20556,1,862.2241,opus_gemm_gfx1250_splitk_clusterlaunch_tdm_ws_128x128x128x128_2x1_16x16x32_0x0x0_c4x2_p3w1,0.0,358.65,262.68
gfx1250,192,3072,12288,6144,False,torch.bfloat16,torch.bfloat16,False,False,opus,20027,1,1338.5387,opus_gemm_gfx1250_splitk_cluster_tdm_ws_128x128x128x128_2x1_16x16x32_0x0x0_p3w1,0.0,346.54,197.41
gfx1250,192,4096,12288,6144,False,torch.bfloat16,torch.bfloat16,False,False,opus,20027,0,1799.8032,opus_gemm_gfx1250_splitk_cluster_tdm_ws_128x128x128x128_2x1_16x16x32_0x0x0_p3w1,0.0,343.63,167.79
gfx1250,192,6144,12288,6144,False,torch.bfloat16,torch.bfloat16,False,False,opus,20027,1,2651.7798,opus_gemm_gfx1250_splitk_cluster_tdm_ws_128x128x128x128_2x1_16x16x32_0x0x0_p3w1,0.0,349.85,142.35
gfx1250,192,8192,12288,6144,False,torch.bfloat16,torch.bfloat16,False,False,opus,20562,1,3555.8021,opus_gemm_gfx1250_splitk_clusterlaunch_tdm_ws_128x128x128x128_2x1_16x16x32_0x0x0_c2x4_p3w1,0.0,347.87,127.39
gfx1250,192,12288,12288,6144,False,torch.bfloat16,torch.bfloat16,False,False,opus,20027,0,5320.9148,opus_gemm_gfx1250_splitk_cluster_tdm_ws_128x128x128x128_2x1_16x16x32_0x0x0_p3w1,0.0,348.7,113.51
gfx1250,192,16384,12288,6144,False,torch.bfloat16,torch.bfloat16,False,False,opus,20027,0,7034.0864,opus_gemm_gfx1250_splitk_cluster_tdm_ws_128x128x128x128_2x1_16x16x32_0x0x0_p3w1,0.0,351.7,107.33
gfx1250,192,1024,128,6144,False,torch.bfloat16,torch.bfloat16,False,False,opus,20281,4,24.6147,opus_gemm_gfx1250_splitk_clusterlaunch_tdm_ws_128x32x64x256_2x1_16x16x32_0x0x0_c3x1_p3w2,0.009,65.43,585.74
gfx1250,192,2048,128,6144,False,torch.bfloat16,torch.bfloat16,False,False,opus,20372,3,32.9281,opus_gemm_gfx1250_splitk_clusterlaunch_tdm_ws_128x64x32x256_2x1_16x16x32_0x0x0_c4x1_p3w2,0.0082,97.83,827.95
gfx1250,192,3072,128,6144,False,torch.bfloat16,torch.bfloat16,False,False,opus,20389,5,40.3942,opus_gemm_gfx1250_splitk_clusterlaunch_tdm_ws_128x64x64x128_2x1_16x16x32_0x0x0_c3x1_p3w2,0.0099,119.62,992.92
gfx1250,192,4096,128,6144,False,torch.bfloat16,torch.bfloat16,False,False,opus,20480,3,46.6283,opus_gemm_gfx1250_splitk_clusterlaunch_tdm_ws_128x128x32x128_2x1_16x16x32_0x0x0_c4x1_p3w2,0.0081,138.17,1135.64
gfx1250,192,6144,128,6144,False,torch.bfloat16,torch.bfloat16,False,False,opus,20424,4,87.0865,opus_gemm_gfx1250_splitk_clusterlaunch_tdm_ws_128x64x128x128_2x1_16x16x32_0x0x0_c2x1_p3w2,0.009,110.97,903.05
gfx1250,192,8192,128,6144,False,torch.bfloat16,torch.bfloat16,False,False,opus,20027,2,66.8403,opus_gemm_gfx1250_splitk_cluster_tdm_ws_128x128x128x128_2x1_16x16x32_0x0x0_p3w1,0.0057,192.77,1560.93
gfx1250,192,12288,128,6144,False,torch.bfloat16,torch.bfloat16,False,False,opus,20536,0,115.0346,opus_gemm_gfx1250_splitk_clusterlaunch_tdm_ws_128x128x64x256_2x1_16x16x32_0x0x0_c2x2_p3w1,0.0,168.01,1353.62
gfx1250,192,16384,128,6144,False,torch.bfloat16,torch.bfloat16,False,False,opus,20537,1,158.0237,opus_gemm_gfx1250_splitk_clusterlaunch_tdm_ws_128x128x64x256_2x1_16x16x32_0x0x0_c3x2_p3w1,0.0,163.08,1310.52
gfx1250,192,1024,256,6144,False,torch.bfloat16,torch.bfloat16,False,False,opus,20010,6,28.8312,opus_gemm_gfx1250_splitk_cluster_tdm_ws_128x64x64x128_2x1_16x16x32_0x0x0_p3w2,0.0105,111.73,563.73
gfx1250,192,2048,256,6144,False,torch.bfloat16,torch.bfloat16,False,False,opus,20489,3,44.6235,opus_gemm_gfx1250_splitk_clusterlaunch_tdm_ws_128x128x32x128_2x1_16x16x32_0x0x0_c1x4_p3w2,0.0083,144.37,657.95
gfx1250,192,3072,256,6144,False,torch.bfloat16,torch.bfloat16,False,False,opus,20021,2,53.5138,opus_gemm_gfx1250_splitk_cluster_tdm_ws_128x64x128x256_2x1_16x16x32_0x0x0_p3w1,0.0057,180.58,793.58
gfx1250,192,4096,256,6144,False,torch.bfloat16,torch.bfloat16,False,False,opus,20027,3,49.2547,opus_gemm_gfx1250_splitk_cluster_tdm_ws_128x128x128x128_2x1_16x16x32_0x0x0_p3w1,0.008,261.6,1128.31
gfx1250,192,6144,256,6144,False,torch.bfloat16,torch.bfloat16,False,False,opus,20551,0,73.018,opus_gemm_gfx1250_splitk_clusterlaunch_tdm_ws_128x128x128x128_2x1_16x16x32_0x0x0_c3x1_p3w1,0.0,264.69,1120.12
gfx1250,192,8192,256,6144,False,torch.bfloat16,torch.bfloat16,False,False,opus,20556,3,110.555,opus_gemm_gfx1250_splitk_clusterlaunch_tdm_ws_128x128x128x128_2x1_16x16x32_0x0x0_c4x2_p3w1,0.008,233.09,976.92
gfx1250,192,12288,256,6144,False,torch.bfloat16,torch.bfloat16,False,False,opus,20546,0,146.051,opus_gemm_gfx1250_splitk_clusterlaunch_tdm_ws_128x128x64x256_2x1_16x16x32_0x0x0_c4x4_p3w1,0.0,264.67,1098.47
gfx1250,192,16384,256,6144,False,torch.bfloat16,torch.bfloat16,False,False,opus,20546,0,205.3071,opus_gemm_gfx1250_splitk_clusterlaunch_tdm_ws_128x128x64x256_2x1_16x16x32_0x0x0_c4x4_p3w1,0.0,251.04,1036.79
gfx1250,192,1024,2624,6144,False,torch.bfloat16,torch.bfloat16,False,False,opus,20554,0,86.9415,opus_gemm_gfx1250_splitk_clusterlaunch_tdm_ws_128x128x128x128_2x1_16x16x32_0x0x0_c2x2_p3w1,0.0,379.77,577.41
gfx1250,192,2048,2624,6144,False,torch.bfloat16,torch.bfloat16,False,False,opus,20538,2,208.9772,opus_gemm_gfx1250_splitk_clusterlaunch_tdm_ws_128x128x64x256_2x1_16x16x32_0x0x0_c4x2_p3w1,0.0057,315.99,326.15
gfx1250,192,3072,2624,6144,False,torch.bfloat16,torch.bfloat16,False,False,opus,20554,0,324.3793,opus_gemm_gfx1250_splitk_clusterlaunch_tdm_ws_128x128x128x128_2x1_16x16x32_0x0x0_c2x2_p3w1,0.0,305.36,265.47
gfx1250,192,4096,2624,6144,False,torch.bfloat16,torch.bfloat16,False,False,opus,20027,1,424.1823,opus_gemm_gfx1250_splitk_cluster_tdm_ws_128x128x128x128_2x1_16x16x32_0x0x0_p3w1,0.0,311.35,245.35
gfx1250,192,6144,2624,6144,False,torch.bfloat16,torch.bfloat16,False,False,opus,20027,0,646.9651,opus_gemm_gfx1250_splitk_cluster_tdm_ws_128x128x128x128_2x1_16x16x32_0x0x0_p3w1,0.0,306.21,216.37
gfx1250,192,8192,2624,6144,False,torch.bfloat16,torch.bfloat16,False,False,opus,20027,1,856.6004,opus_gemm_gfx1250_splitk_cluster_tdm_ws_128x128x128x128_2x1_16x16x32_0x0x0_p3w1,0.0,308.36,205.35
gfx1250,192,12288,2624,6144,False,torch.bfloat16,torch.bfloat16,False,False,opus,20027,1,1328.014,opus_gemm_gfx1250_splitk_cluster_tdm_ws_128x128x128x128_2x1_16x16x32_0x0x0_p3w1,0.0,298.35,186.54
gfx1250,192,16384,2624,6144,False,torch.bfloat16,torch.bfloat16,False,False,opus,20554,1,1661.7817,opus_gemm_gfx1250_splitk_clusterlaunch_tdm_ws_128x128x128x128_2x1_16x16x32_0x0x0_c2x2_p3w1,0.0,317.9,192.3
gfx1250,192,1024,32,6144,False,torch.bfloat16,torch.bfloat16,False,False,opus,20002,2,26.576,opus_gemm_gfx1250_splitk_cluster_tdm_ws_128x16x32x512_1x2_16x16x32_0x0x0_p3w1,0.0053,15.15,490.73
gfx1250,192,2048,32,6144,False,torch.bfloat16,torch.bfloat16,False,False,opus,20119,3,56.4202,opus_gemm_gfx1250_splitk_clusterlaunch_tdm_ws_128x16x32x256_1x2_16x16x32_0x0x0_c3x1_p3w2,0.0078,14.27,455.34
gfx1250,192,3072,32,6144,False,torch.bfloat16,torch.bfloat16,False,False,opus,20228,5,49.0301,opus_gemm_gfx1250_splitk_clusterlaunch_tdm_ws_128x32x32x128_2x1_16x16x32_0x0x0_c4x1_p3w2,0.0102,24.64,781.94
gfx1250,192,4096,32,6144,False,torch.bfloat16,torch.bfloat16,False,False,opus,20009,3,51.8069,opus_gemm_gfx1250_splitk_cluster_tdm_ws_128x64x16x128_2x1_16x16x32_0x0x0_p3w2,0.0081,31.09,984.17
gfx1250,192,6144,32,6144,False,torch.bfloat16,torch.bfloat16,False,False,opus,20389,5,59.0688,opus_gemm_gfx1250_splitk_clusterlaunch_tdm_ws_128x64x64x128_2x1_16x16x32_0x0x0_c3x1_p3w2,0.0099,40.9,1291.44
gfx1250,192,8192,32,6144,False,torch.bfloat16,torch.bfloat16,False,False,opus,20479,5,47.2458,opus_gemm_gfx1250_splitk_clusterlaunch_tdm_ws_128x128x32x128_2x1_16x16x32_0x0x0_c3x1_p3w2,0.0098,68.18,2150.05
gfx1250,192,12288,32,6144,False,torch.bfloat16,torch.bfloat16,False,False,opus,20478,3,73.9443,opus_gemm_gfx1250_splitk_clusterlaunch_tdm_ws_128x128x32x128_2x1_16x16x32_0x0x0_c2x1_p3w2,0.0081,65.34,2057.96
gfx1250,192,16384,32,6144,False,torch.bfloat16,torch.bfloat16,False,False,opus,20024,0,94.0767,opus_gemm_gfx1250_splitk_cluster_tdm_ws_128x128x32x256_2x1_16x16x32_0x0x0_p3w1,0.0,68.48,2155.35
gfx1250,192,1024,4096,2048,False,torch.bfloat16,torch.bfloat16,False,False,opus,20026,0,64.0962,opus_gemm_gfx1250_splitk_cluster_tdm_ws_128x128x64x256_2x1_16x16x32_0x0x0_p3w1,0.0,268.03,458.06
gfx1250,192,2048,4096,2048,False,torch.bfloat16,torch.bfloat16,False,False,opus,20562,0,121.73,opus_gemm_gfx1250_splitk_clusterlaunch_tdm_ws_128x128x128x128_2x1_16x16x32_0x0x0_c2x4_p3w1,0.0,282.26,344.56
gfx1250,192,3072,4096,2048,False,torch.bfloat16,torch.bfloat16,False,False,opus,20556,1,161.5419,opus_gemm_gfx1250_splitk_clusterlaunch_tdm_ws_128x128x128x128_2x1_16x16x32_0x0x0_c4x2_p3w1,0.0,319.05,337.53
gfx1250,192,4096,4096,2048,False,torch.bfloat16,torch.bfloat16,False,False,opus,20562,0,269.9108,opus_gemm_gfx1250_splitk_clusterlaunch_tdm_ws_128x128x128x128_2x1_16x16x32_0x0x0_c2x4_p3w1,0.0,254.6,248.63
gfx1250,192,6144,4096,2048,False,torch.bfloat16,torch.bfloat16,False,False,opus,20564,2,352.7547,opus_gemm_gfx1250_splitk_clusterlaunch_tdm_ws_128x128x128x128_2x1_16x16x32_0x0x0_c4x4_p3w1,0.0035,292.21,261.58
gfx1250,192,8192,4096,2048,False,torch.bfloat16,torch.bfloat16,False,False,opus,20564,1,511.065,opus_gemm_gfx1250_splitk_clusterlaunch_tdm_ws_128x128x128x128_2x1_16x16x32_0x0x0_c4x4_p3w1,0.0,268.93,229.8
gfx1250,192,12288,4096,2048,False,torch.bfloat16,torch.bfloat16,False,False,opus,20564,0,751.5803,opus_gemm_gfx1250_splitk_clusterlaunch_tdm_ws_128x128x128x128_2x1_16x16x32_0x0x0_c4x4_p3w1,0.0,274.3,223.23
gfx1250,192,16384,4096,2048,False,torch.bfloat16,torch.bfloat16,False,False,opus,20564,1,1004.051,opus_gemm_gfx1250_splitk_clusterlaunch_tdm_ws_128x128x128x128_2x1_16x16x32_0x0x0_c4x4_p3w1,0.0,273.77,217.22
gfx1250,192,1024,6144,6144,False,torch.bfloat16,torch.bfloat16,False,False,triton,0,0,190.4844,auto,0.0,405.86,528.46
gfx1250,192,2048,6144,6144,False,torch.bfloat16,torch.bfloat16,False,False,triton,0,0,337.9154,auto,0.0,457.57,372.37
gfx1250,192,3072,6144,6144,False,torch.bfloat16,torch.bfloat16,False,False,opus,20562,0,456.9622,opus_gemm_gfx1250_splitk_clusterlaunch_tdm_ws_128x128x128x128_2x1_16x16x32_0x0x0_c2x4_p3w1,0.0,507.54,330.43
gfx1250,192,4096,6144,6144,False,torch.bfloat16,torch.bfloat16,False,False,triton,0,0,591.5134,auto,0.0,522.79,297.81
gfx1250,192,6144,6144,6144,False,torch.bfloat16,torch.bfloat16,False,False,triton,0,0,844.6722,auto,0.0,549.16,268.14
gfx1250,192,8192,6144,6144,False,torch.bfloat16,torch.bfloat16,False,False,triton,0,0,1158.4009,auto,0.0,533.9,238.97
gfx1250,192,12288,6144,6144,False,torch.bfloat16,torch.bfloat16,False,False,triton,0,0,1793.4872,auto,0.0,517.27,210.48
gfx1250,192,16384,6144,6144,False,torch.bfloat16,torch.bfloat16,False,False,triton,0,0,2476.6216,auto,0.0,499.45,193.07
gfx1250,192,1024,6144,8192,False,torch.bfloat16,torch.bfloat16,False,False,opus,20474,2,292.6706,opus_gemm_gfx1250_splitk_clusterlaunch_tdm_ws_128x64x256x128_2x1_16x16x32_0x0x0_c4x4_p3w1,0.0062,352.2,444.27
gfx1250,192,2048,6144,8192,False,torch.bfloat16,torch.bfloat16,False,False,opus,20027,1,448.7094,opus_gemm_gfx1250_splitk_cluster_tdm_ws_128x128x128x128_2x1_16x16x32_0x0x0_p3w1,0.0,459.45,355.2
gfx1250,192,3072,6144,8192,False,torch.bfloat16,torch.bfloat16,False,False,opus,20556,0,800.3072,opus_gemm_gfx1250_splitk_clusterlaunch_tdm_ws_128x128x128x128_2x1_16x16x32_0x0x0_c4x2_p3w1,0.0,386.4,235.84
gfx1250,192,4096,6144,8192,False,torch.bfloat16,torch.bfloat16,False,False,opus,20556,0,1088.8817,opus_gemm_gfx1250_splitk_clusterlaunch_tdm_ws_128x128x128x128_2x1_16x16x32_0x0x0_c4x2_p3w1,0.0,378.66,200.3
gfx1250,192,6144,6144,8192,False,torch.bfloat16,torch.bfloat16,False,False,opus,20562,1,1746.0512,opus_gemm_gfx1250_splitk_clusterlaunch_tdm_ws_128x128x128x128_2x1_16x16x32_0x0x0_c2x4_p3w1,0.0,354.21,158.54
gfx1250,192,8192,6144,8192,False,torch.bfloat16,torch.bfloat16,False,False,opus,20562,1,2355.4218,opus_gemm_gfx1250_splitk_clusterlaunch_tdm_ws_128x128x128x128_2x1_16x16x32_0x0x0_c2x4_p3w1,0.0,350.1,142.46
gfx1250,192,12288,6144,8192,False,torch.bfloat16,torch.bfloat16,False,False,opus,20027,0,3502.0353,opus_gemm_gfx1250_splitk_cluster_tdm_ws_128x128x128x128_2x1_16x16x32_0x0x0_p3w1,0.0,353.21,129.35
gfx1250,192,16384,6144,8192,False,torch.bfloat16,torch.bfloat16,False,False,opus,20562,1,4638.8366,opus_gemm_gfx1250_splitk_clusterlaunch_tdm_ws_128x128x128x128_2x1_16x16x32_0x0x0_c2x4_p3w1,0.0,355.53,122.97
gfx1250,192,1024,8192,2048,False,torch.bfloat16,torch.bfloat16,False,False,opus,20027,1,142.4256,opus_gemm_gfx1250_splitk_cluster_tdm_ws_128x128x128x128_2x1_16x16x32_0x0x0_p3w1,0.0,241.25,382.84
gfx1250,192,2048,8192,2048,False,torch.bfloat16,torch.bfloat16,False,False,opus,20022,1,240.2231,opus_gemm_gfx1250_splitk_cluster_tdm_ws_128x64x256x128_2x1_16x16x32_0x0x0_p3w1,0.0,286.07,314.28
gfx1250,192,3072,8192,2048,False,torch.bfloat16,torch.bfloat16,False,False,opus,20563,1,382.6072,opus_gemm_gfx1250_splitk_clusterlaunch_tdm_ws_128x128x128x128_2x1_16x16x32_0x0x0_c3x4_p3w1,0.0,269.41,252.14
gfx1250,192,4096,8192,2048,False,torch.bfloat16,torch.bfloat16,False,False,opus,20564,1,496.8424,opus_gemm_gfx1250_splitk_clusterlaunch_tdm_ws_128x128x128x128_2x1_16x16x32_0x0x0_c4x4_p3w1,0.0,276.62,236.37
gfx1250,192,6144,8192,2048,False,torch.bfloat16,torch.bfloat16,False,False,opus,20564,1,766.8465,opus_gemm_gfx1250_splitk_clusterlaunch_tdm_ws_128x128x128x128_2x1_16x16x32_0x0x0_c4x4_p3w1,0.0,268.84,207.84
gfx1250,192,8192,8192,2048,False,torch.bfloat16,torch.bfloat16,False,False,opus,20564,0,992.069,opus_gemm_gfx1250_splitk_clusterlaunch_tdm_ws_128x128x128x128_2x1_16x16x32_0x0x0_c4x4_p3w1,0.0,277.08,202.94
gfx1250,192,12288,8192,2048,False,torch.bfloat16,torch.bfloat16,False,False,opus,20564,1,1372.8446,opus_gemm_gfx1250_splitk_clusterlaunch_tdm_ws_128x128x128x128_2x1_16x16x32_0x0x0_c4x4_p3w1,0.0,300.34,207.75
gfx1250,192,16384,8192,2048,False,torch.bfloat16,torch.bfloat16,False,False,opus,20564,1,1929.9481,opus_gemm_gfx1250_splitk_clusterlaunch_tdm_ws_128x128x128x128_2x1_16x16x32_0x0x0_c4x4_p3w1,0.0,284.86,191.25
